City/Town,Ward,Pct,John F. Kerry,Jeffrey K. Beatty,Total Votes Cast,pop by share of vote
Abington,-,1,1143,706,1969,3551.592565147586
Abington,-,2,969,617,1704,3073.5976287513895
Abington,-,3,1080,734,1913,3450.582314437446
Abington,-,4,1425,951,2511,4529.227491663579
Acton,-,1,1295,594,1994,3484.3157713794585
Acton,-,2,1242,563,1890,3302.5861624409113
Acton,-,3,1397,638,2130,3721.9621830683286
Acton,-,4,1320,506,1918,3351.513364847443
Acton,-,5,1274,513,1885,3293.849162011173
Acton,-,6,1153,568,1818,3176.773356252686
Acushnet,-,1,1095,374,1608,2921.310209190059
Acushnet,-,2,1222,586,1966,3571.7014124798857
Acushnet,-,3,1263,566,2019,3667.9883783300556
Adams,-,1,574,122,743,1596.7521346669919
Adams,-,2,678,135,859,1846.043181263723
Adams,-,3,610,143,803,1725.6957794584046
Adams,-,4,609,98,751,1613.9446206391804
Adams,-,5,722,164,943,2026.5642839717004
Agawam,-,1,892,509,1510,2928.838042729152
Agawam,-,2,1111,728,1994,3867.617918676775
Agawam,-,3,1103,534,1765,3423.443142660234
Agawam,-,4,988,546,1686,3270.212543073742
Agawam,-,5,1127,688,1949,3780.33466574776
Agawam,-,6,1052,665,1874,3634.8625775327364
Agawam,-,7,1017,651,1788,3468.054583046175
Agawam,-,8,1125,678,1944,3770.636526533425
Alford,-,1,253,56,323,399.0
Amesbury,-,1,971,661,1727,3314.5665616614165
Amesbury,-,2,845,428,1371,2631.3090654532725
Amesbury,-,3,953,466,1492,2863.5398436588493
Amesbury,-,4,641,365,1099,2109.269630148174
Amesbury,-,5,907,588,1621,3111.1247229028118
Amesbury,-,6,825,343,1261,2420.1901761754757
Amherst,-,1,772,74,930,2506.981525856072
Amherst,-,2,981,117,1191,3210.553760531808
Amherst,-,3,787,84,970,2614.8086882584835
Amherst,-,3A,0,0,0,0.0
Amherst,-,4,937,106,1113,3000.290793847105
Amherst,-,4A,0,0,0,0.0
Amherst,-,5,915,95,1098,2959.855607946201
Amherst,-,6,1431,159,1703,4590.741439282677
Amherst,-,7,1200,138,1454,3919.5173533276648
Amherst,-,8,1630,199,1926,5191.877869676123
Amherst,-,9,1335,101,1599,4310.3908170364075
Amherst,-,9A,0,0,0,0.0
Amherst,-,10,806,69,953,2568.9821442374587
Amherst,-,10A,0,0,0,0.0
Andover,-,1,1224,664,1986,3382.934038377671
Andover,-,2,1082,779,1965,3347.1628325337983
Andover,-,3,1290,736,2145,3653.7731683384213
Andover,-,4,1048,729,1881,3204.078009158308
Andover,-,5,1101,804,2024,3447.662887047536
Andover,-,6,1074,834,2022,3444.2561055385954
Andover,-,7,1154,810,2071,3527.722252507632
Andover,-,8,1186,882,2175,3704.8748909725255
Andover,-,9,1157,828,2075,3534.5358155255126
Aquinnah,-,1,258,35,313,344.0
Arlington,-,1,634,150,832,1383.6961707470182
Arlington,-,2,865,266,1214,2018.9989799121154
Arlington,-,3,931,178,1177,1957.4644146264911
Arlington,-,4,856,186,1113,1851.026247645951
Arlington,-,5,845,242,1162,1932.5179692404267
Arlington,-,6,936,218,1249,2077.2073524795983
Arlington,-,7,829,207,1082,1799.470260514752
Arlington,-,8,1066,209,1344,2235.201506591337
Arlington,-,9,909,314,1285,2137.0788214061517
Arlington,-,10,984,249,1315,2186.9717121782796
Arlington,-,11,881,345,1275,2120.4478578154426
Arlington,-,12,1041,318,1421,2363.259926239799
Arlington,-,13,798,456,1308,2175.3300376647835
Arlington,-,14,883,225,1165,1937.5072583176395
Arlington,-,15,993,314,1386,2305.0515536723165
Arlington,-,16,917,303,1273,2117.1216650973006
Arlington,-,17,632,176,854,1420.284290646579
Arlington,-,18,845,372,1275,2120.4478578154426
Arlington,-,19,926,305,1305,2170.3407485875705
Arlington,-,20,916,245,1227,2040.6192325800378
Arlington,-,21,897,260,1226,2038.9561362209668
Ashburnham,-,1,1865,1288,3390,5546.0
Ashby,-,1,947,796,1881,2845.0
Ashfield,-,1,893,172,1136,1800.0
Ashland,-,1,1400,669,2188,3786.1688679245285
Ashland,-,2,1323,758,2204,3813.855660377359
Ashland,-,3,1248,652,2000,3460.8490566037735
Ashland,-,4,1338,626,2088,3613.12641509434
Athol,-,1,1024,623,1761,4170.517501571998
Athol,-,2,894,537,1541,3649.4988472018445
Athol,-,3,874,487,1469,3478.983651226158
Attleboro,1,A,980,497,1570,3460.6633481791987
Attleboro,1,B,1006,495,1623,3577.4882892323812
Attleboro,2,A,969,575,1641,3617.164684307047
Attleboro,2,B,1228,644,2024,4461.390201729107
Attleboro,3,A,904,488,1462,3222.6049777312023
Attleboro,3,B,1152,672,1923,4238.761540476814
Attleboro,4,A,725,340,1148,2530.472308095363
Attleboro,4,B,1163,682,1963,4326.931307309405
Attleboro,5,A,640,224,930,2049.947078857742
Attleboro,5,B,1014,504,1623,3577.4882892323812
Attleboro,6,A,934,469,1502,3310.7747445637933
Attleboro,6,B,1018,563,1676,3694.3132302855643
Auburn,-,1,1024,702,1844,3276.1389944134075
Auburn,-,2,1035,575,1755,3118.017318435754
Auburn,-,3,1131,618,1859,3302.7887150837987
Auburn,-,4,996,619,1745,3100.250837988827
Auburn,-,5,980,623,1747,3103.804134078212
Avon,-,1,1410,842,2424,4443.0
Ayer,-,1,1026,666,1809,3883.9667059516796
Ayer,-,2,879,619,1585,3403.0332940483204
Barnstable,-,1,1272,1136,2512,4765.216866991947
Barnstable,-,2,1096,878,2053,3894.5024792732756
Barnstable,-,3,899,631,1600,3035.169978975762
Barnstable,-,4,959,916,1976,3748.4349240350666
Barnstable,-,5,962,1090,2139,4057.6428656432226
Barnstable,-,6,1123,896,2092,3968.48474751081
Barnstable,-,7,1193,1119,2410,4571.724780832243
Barnstable,-,8,757,466,1291,2449.0027767860684
Barnstable,-,9,665,286,1009,1914.0540679915903
Barnstable,-,10,1101,944,2136,4051.951921932643
Barnstable,-,11,1217,1114,2416,4583.106668253402
Barnstable,-,12,1020,877,1979,3754.1258677456462
Barnstable,-,13,907,603,1596,3027.5820540283235
Barre,-,1,779,548,1438,2714.0989294942783
Barre,-,2,699,476,1271,2398.9010705057217
Becket,-,1,659,223,959,1755.0
Bedford,-,1,1237,653,1991,3372.7834566240754
Bedford,-,2,903,509,1498,2537.634162743779
Bedford,-,3,1343,679,2114,3581.147276395427
Bedford,-,4,1054,660,1832,3103.435104236718
Belchertown,-,A,1147,504,1779,2983.327557222294
Belchertown,-,B,1239,611,1985,3328.7831372041896
Belchertown,-,C,1335,704,2184,3662.4999353420403
Belchertown,-,D,1251,417,1785,2993.3893702314754
Bellingham,-,1,988,628,1715,3121.7770117675027
Bellingham,-,2,870,559,1515,2757.7213835730417
Bellingham,-,3,1047,584,1744,3174.5650778556997
Bellingham,-,4,1044,724,1907,3471.270414834185
Bellingham,-,5,953,477,1532,2788.666111969571
Belmont,-,1,1244,472,1820,3188.0306979438174
Belmont,-,2,1171,649,1910,3345.680567622357
Belmont,-,3,1072,360,1530,2680.047784535187
Belmont,-,4,1057,359,1499,2625.746162757023
Belmont,-,5,1130,455,1686,2953.3075586446566
Belmont,-,6,1283,409,1794,3142.487402258905
Belmont,-,7,1152,407,1667,2920.0259194902983
Belmont,-,8,1135,642,1906,3338.6739067477556
Berkley,-,1,1812,1158,3275,5749.0
Berlin,-,1,876,663,1653,2380.0
Bernardston,-,1,850,314,1245,2155.0
Beverly,1,1,960,493,1538,2974.0834384398954
Beverly,1,2,1169,596,1884,3643.155525371107
Beverly,2,1,999,374,1475,2852.258174056466
Beverly,2,2,1049,446,1619,3130.7159212185893
Beverly,3,1,786,311,1177,2276.0053361792957
Beverly,3,2,1001,474,1550,2997.288250703405
Beverly,4,1,1051,532,1683,3254.4749199573107
Beverly,4,2,1355,545,2005,3877.1373823615017
Beverly,5,1,1069,629,1799,3478.788105171243
Beverly,5,2,1109,647,1840,3558.071213738236
Beverly,6,1,1133,709,1959,3788.185602018046
Beverly,6,2,1185,812,2085,4031.836130784903
Billerica,-,1,1014,587,1722,3434.2209147651693
Billerica,-,2,1043,648,1814,3617.698454926839
Billerica,-,3,1041,653,1791,3571.8290698864216
Billerica,-,4,1032,673,1827,3643.6246290801187
Billerica,-,5,1067,818,2019,4026.5342781131685
Billerica,-,6,845,581,1510,3011.4248439578428
Billerica,-,7,1016,677,1811,3611.715491660698
Billerica,-,8,977,750,1858,3705.448582830247
Billerica,-,9,939,668,1700,3390.345850813466
Billerica,-,10,1027,700,1861,3711.431546096388
Billerica,-,11,884,636,1633,3256.7263378696407
Blackstone,-,1,787,387,1252,2581.4070257611243
Blackstone,-,2,861,458,1420,2927.7939110070256
Blackstone,-,3,896,594,1598,3294.79906323185
Blandford,-,1,350,280,701,1214.0
Bolton,-,1,1584,1148,2895,4159.0
Boston,1,1,512,138,715,1780.3794736285804
Boston,1,2,359,106,513,1277.3911468132335
Boston,1,3,790,165,1062,2644.42377761336
Boston,1,4,199,66,302,751.9924490011626
Boston,1,5,400,108,572,1424.3035789028643
Boston,1,6,364,92,509,1267.4309819258008
Boston,1,7,476,78,627,1561.255846105063
Boston,1,8,523,132,790,1967.132565267942
Boston,1,9,348,95,492,1225.1002811542119
Boston,1,10,247,60,345,859.0642215410633
Boston,1,11,558,216,856,2131.47528591058
Boston,1,12,595,248,920,2290.837924109502
Boston,1,13,737,220,1035,2577.19266462319
Boston,1,14,355,150,557,1386.952960574992
Boston,1,15,0,0,0,0.0
Boston,2,1,872,390,1361,3388.9461029489485
Boston,2,2,1004,337,1446,3600.599606806891
Boston,2,3,741,332,1125,2801.296374590424
Boston,2,4,610,243,914,2275.8976767783533
Boston,2,5,774,314,1152,2868.527487580594
Boston,2,6,869,342,1319,3284.364371630906
Boston,2,7,558,290,912,2270.9175943346368
Boston,3,1,1526,561,2251,5605.0827904027055
Boston,3,2,699,256,1043,2597.1129943980554
Boston,3,3,710,206,1011,2517.431675298594
Boston,3,4,738,250,1086,2704.184766937956
Boston,3,5,1279,419,1832,4561.755518444139
Boston,3,6,1477,525,2133,5311.257926223444
Boston,3,7,1883,275,2293,5709.664521720749
Boston,3,8,1411,406,2101,5231.576607123982
Boston,4,1,1100,234,1420,3535.8585350385792
Boston,4,2,1343,352,1812,4511.954694006976
Boston,4,3,764,119,921,2293.3279653313602
Boston,4,4,1146,153,1393,3468.6274220484092
Boston,4,5,789,152,1017,2532.371922629743
Boston,4,6,700,129,897,2233.566976006765
Boston,4,7,790,124,997,2482.57109819258
Boston,4,8,654,92,826,2056.7740492548355
Boston,4,9,433,20,500,1245.0206109290773
Boston,4,10,376,40,461,1147.9090032766092
Boston,5,1,1638,391,2301,5729.584851495613
Boston,5,2,1174,179,1475,3672.810802240778
Boston,5,3,929,320,1317,3279.3842891871896
Boston,5,4,1152,260,1519,3782.3726160025367
Boston,5,5,368,107,505,1257.4708170383678
Boston,5,6,793,320,1189,2960.659012789346
Boston,5,7,1072,393,1552,3864.5439763238555
Boston,5,8,976,358,1420,3535.8585350385792
Boston,5,9,1356,420,1881,4683.767538315188
Boston,5,10,999,218,1316,3276.894247965331
Boston,5,11,634,168,851,2119.0250798012894
Boston,6,1,1188,327,1628,4053.7871091850757
Boston,6,2,523,164,761,1894.9213698340557
Boston,6,3,625,264,952,2370.519243208963
Boston,6,4,694,268,1050,2614.543282951062
Boston,6,5,623,278,994,2475.1009745270057
Boston,6,6,577,337,989,2462.650768417715
Boston,6,7,616,283,980,2440.2403974209915
Boston,6,8,586,336,1011,2517.431675298594
Boston,6,9,528,404,1018,2534.8619638516016
Boston,7,1,524,333,934,2325.6985012155164
Boston,7,2,629,424,1138,2833.6669104745797
Boston,7,3,779,433,1337,3329.1851136243527
Boston,7,4,669,300,1049,2612.053241729204
Boston,7,5,524,178,774,1927.2919057182116
Boston,7,6,624,158,850,2116.5350385794313
Boston,7,7,477,62,592,1474.1044033400274
Boston,7,8,371,153,574,1429.2836613465809
Boston,7,9,525,117,680,1693.2280308635452
Boston,7,10,628,38,746,1857.5707515061833
Boston,8,1,466,33,553,1376.9927956875595
Boston,8,2,969,117,1183,2945.7187654581967
Boston,8,3,630,29,716,1782.8695148504387
Boston,8,4,359,7,406,1010.9567360744107
Boston,8,5,754,22,844,2101.5947912482825
Boston,8,6,247,19,292,727.0920367825811
Boston,8,7,467,14,526,1309.7616826973895
Boston,9,1,903,81,1073,2671.8142310537996
Boston,9,2,1125,145,1351,3364.045690730367
Boston,9,3,1450,66,1624,4043.826944297643
Boston,9,4,945,30,1075,2676.794313497516
Boston,9,5,1105,18,1208,3007.9697960046506
Boston,10,1,428,65,552,1374.5027544657012
Boston,10,2,539,60,662,1648.4072888700982
Boston,10,3,519,75,647,1611.0566705422261
Boston,10,4,840,84,1055,2626.993489060353
Boston,10,5,610,80,749,1865.0408751717578
Boston,10,6,600,39,725,1805.2798858471622
Boston,10,7,860,44,1007,2507.4715104111615
Boston,10,8,857,76,1015,2527.391840186027
Boston,10,9,1085,126,1287,3204.683052531445
Boston,11,1,504,14,562,1399.403166684283
Boston,11,2,776,20,854,2126.495203466864
Boston,11,3,676,21,750,1867.5309163936158
Boston,11,4,875,45,1026,2554.782293626467
Boston,11,5,815,30,918,2285.857841665786
Boston,11,6,677,55,786,1957.1724003805095
Boston,11,7,940,68,1071,2666.8341486100835
Boston,11,8,956,83,1095,2726.5951379346793
Boston,11,9,584,57,695,1730.5786491914173
Boston,11,10,814,53,923,2298.308047775077
Boston,12,1,925,21,1008,2509.9615516330196
Boston,12,2,1256,21,1343,3344.125360955502
Boston,12,3,564,16,626,1558.7658048832047
Boston,12,4,586,14,624,1553.7857224394884
Boston,12,5,496,5,546,1359.5625071345526
Boston,12,6,480,11,515,1282.3712292569496
Boston,12,7,1247,21,1361,3388.9461029489485
Boston,12,8,432,8,471,1172.8094154951907
Boston,12,9,560,12,609,1516.435104111616
Boston,13,1,698,17,797,1984.562853820949
Boston,13,2,270,5,306,761.9526138885954
Boston,13,3,747,84,948,2360.5590783215307
Boston,13,4,523,21,572,1424.3035789028643
Boston,13,5,419,21,508,1264.9409407039425
Boston,13,6,651,82,815,2029.383595814396
Boston,13,7,516,122,723,1800.2998034034456
Boston,13,8,502,126,717,1785.3595560722968
Boston,13,9,570,125,771,1919.8217820526372
Boston,13,10,825,278,1198,2983.0693837860695
Boston,14,1,1106,23,1206,3002.9897135609344
Boston,14,2,1323,33,1445,3598.109565585033
Boston,14,3,660,8,738,1837.6504217313181
Boston,14,4,806,24,888,2211.156605010041
Boston,14,5,572,13,634,1578.68613465807
Boston,14,6,556,19,613,1526.3952689990488
Boston,14,7,660,12,717,1785.3595560722968
Boston,14,8,618,15,682,1698.2081133072613
Boston,14,9,583,13,653,1625.996917873375
Boston,14,10,682,7,733,1825.2002156220274
Boston,14,11,473,15,536,1334.6620949159708
Boston,14,12,428,4,463,1152.8890857203255
Boston,14,13,585,12,643,1601.0965056547934
Boston,14,14,704,11,766,1907.3715759433464
Boston,15,1,744,25,868,2161.3557805728783
Boston,15,2,502,13,575,1431.773702568439
Boston,15,3,292,19,339,844.1239742099143
Boston,15,4,792,74,989,2462.650768417715
Boston,15,5,630,20,707,1760.4591438537152
Boston,15,6,294,94,444,1105.5783025050205
Boston,15,7,477,19,535,1332.1720536941127
Boston,15,8,388,70,530,1319.721847584822
Boston,15,9,420,67,582,1449.203991121446
Boston,16,1,436,105,607,1511.4550216679
Boston,16,2,313,101,459,1142.928920832893
Boston,16,3,668,120,881,2193.726316457034
Boston,16,4,585,109,753,1875.0010400591905
Boston,16,5,632,184,865,2153.8856569073037
Boston,16,6,811,116,1051,2617.0333241729204
Boston,16,7,557,257,888,2211.156605010041
Boston,16,8,641,203,911,2268.4275531127787
Boston,16,9,574,350,1023,2547.312169960892
Boston,16,10,494,180,726,1807.7699270690202
Boston,16,11,649,251,976,2430.280232533559
Boston,16,12,582,304,968,2410.3599027586934
Boston,17,1,623,16,698,1738.048772856992
Boston,17,2,423,33,505,1257.4708170383678
Boston,17,3,915,66,1069,2661.8540661663674
Boston,17,4,1088,109,1277,3179.782640312864
Boston,17,5,437,7,482,1200.1998689356305
Boston,17,6,686,53,803,1999.503101152098
Boston,17,7,377,7,418,1040.8372307367085
Boston,17,8,629,20,693,1725.5985667477012
Boston,17,9,548,51,644,1603.5865468766515
Boston,17,10,844,24,923,2298.308047775077
Boston,17,11,278,26,337,839.1438917661981
Boston,17,12,553,46,649,1616.0367529859423
Boston,17,13,753,155,988,2460.160727195857
Boston,17,14,591,69,699,1740.53881407885
Boston,18,1,1131,27,1267,3154.882228094282
Boston,18,2,837,19,919,2288.347882887644
Boston,18,3,997,18,1107,2756.4756325969774
Boston,18,4,942,36,1052,2619.523365394779
Boston,18,5,991,35,1096,2729.0851791565374
Boston,18,6,1105,59,1236,3077.6909502166786
Boston,18,7,731,101,889,2213.6466462318995
Boston,18,8,1420,116,1638,4078.6875214036572
Boston,18,9,722,160,950,2365.539160765247
Boston,18,10,1108,210,1410,3510.958122819998
Boston,18,11,699,80,852,2121.515121023148
Boston,18,12,763,205,1043,2597.1129943980554
Boston,18,13,484,55,579,1441.7338674558716
Boston,18,14,513,59,600,1494.0247331148928
Boston,18,15,805,49,896,2231.0769347849064
Boston,18,16,775,310,1156,2878.487652468026
Boston,18,17,774,147,983,2447.7105210865657
Boston,18,18,912,210,1202,2993.0295486735017
Boston,18,19,1115,211,1415,3523.4083289292885
Boston,18,20,920,358,1376,3426.296721276821
Boston,18,21,1197,30,1314,3271.914165521615
Boston,18,22,832,271,1176,2928.28847690519
Boston,18,23,661,31,738,1837.6504217313181
Boston,19,1,858,62,974,2425.3001500898426
Boston,19,2,918,300,1315,3274.404206743473
Boston,19,3,711,100,868,2161.3557805728783
Boston,19,4,994,77,1145,2851.097199027587
Boston,19,5,866,95,1042,2594.6229531761974
Boston,19,6,1164,84,1340,3336.655237289927
Boston,19,7,980,109,1158,2883.4677349117433
Boston,19,8,583,71,686,1708.168278194694
Boston,19,9,539,57,627,1561.255846105063
Boston,19,10,906,168,1142,2843.6270753620124
Boston,19,11,607,36,716,1782.8695148504387
Boston,19,12,597,95,750,1867.5309163936158
Boston,19,13,592,106,750,1867.5309163936158
Boston,20,1,870,190,1166,2903.3880646866082
Boston,20,2,823,196,1109,2761.4557150406936
Boston,20,3,739,291,1127,2806.27645703414
Boston,20,4,693,150,908,2260.957429447204
Boston,20,5,742,321,1164,2898.407982242892
Boston,20,6,868,355,1310,3261.9540006341826
Boston,20,7,505,210,754,1877.4910812810485
Boston,20,8,575,185,817,2034.363678258112
Boston,20,9,660,201,921,2293.3279653313602
Boston,20,10,849,415,1349,3359.0656082866503
Boston,20,11,406,185,632,1573.7060522143538
Boston,20,12,523,266,864,2151.3956156854456
Boston,20,13,481,220,745,1855.0807102843253
Boston,20,14,468,257,778,1937.2520706056443
Boston,20,15,787,341,1228,3057.7706204418137
Boston,20,16,793,443,1322,3291.8344952964803
Boston,20,17,888,447,1436,3575.69919458831
Boston,20,18,490,195,722,1797.8097621815875
Boston,20,19,489,261,811,2019.4234309269634
Boston,20,20,834,323,1226,3052.7905379980975
Boston,21,1,917,164,1167,2905.8781059084663
Boston,21,2,515,52,650,1618.5267942078003
Boston,21,3,657,75,802,1997.01305993024
Boston,21,4,493,57,621,1546.315598773914
Boston,21,5,634,88,806,2006.9732248176726
Boston,21,6,533,110,696,1733.0686904132756
Boston,21,7,637,99,812,2021.9134721488215
Boston,21,8,824,128,1023,2547.312169960892
Boston,21,9,791,114,1024,2549.80221118275
Boston,21,10,590,120,781,1944.7221942712188
Boston,21,11,776,148,990,2465.140809639573
Boston,21,12,848,188,1133,2821.2167043652894
Boston,21,13,1065,227,1379,3433.766844942395
Boston,21,14,487,83,612,1523.9052277771907
Boston,21,15,678,96,814,2026.8935545925378
Boston,21,16,868,167,1153,2871.017528802452
Boston,22,1,970,206,1283,3194.722887644012
Boston,22,2,865,147,1126,2803.786415812282
Boston,22,3,757,203,1050,2614.543282951062
Boston,22,4,562,135,753,1875.0010400591905
Boston,22,5,432,99,574,1429.2836613465809
Boston,22,6,503,108,659,1640.937165204524
Boston,22,7,728,124,936,2330.6785836592326
Boston,22,8,646,203,921,2293.3279653313602
Boston,22,9,598,148,808,2011.9533072613888
Boston,22,10,785,196,1070,2664.3441073882254
Boston,22,11,489,132,680,1693.2280308635452
Boston,22,12,485,131,688,1713.1483606384104
Boston,22,13,369,139,550,1369.522672021985
Bourne,-,1,875,749,1710,3144.99557913351
Bourne,-,2,895,921,1907,3507.3137832793004
Bourne,-,3,679,571,1323,2433.233421750663
Bourne,-,4,992,819,1924,3538.5798212005107
Bourne,-,5,1005,848,1949,3584.5592887317025
Bourne,-,6,666,639,1366,2512.3181059043127
Boxborough,-,1,1730,963,2866,4868.0
Boxford,-,1,739,744,1572,2499.8618751254767
Boxford,-,2,798,871,1785,2838.5836177474403
Boxford,-,3,747,798,1624,2582.554507127083
Boylston,-,1,1410,1098,2649,4083.0
Braintree,-,1,969,612,1668,2996.2353440951574
Braintree,-,2,888,547,1543,2771.697323704333
Braintree,-,3,878,590,1562,2805.827102803738
Braintree,-,4,938,588,1643,2951.3277400169923
Braintree,-,5,898,636,1652,2967.4944774851315
Braintree,-,6,814,440,1346,2417.8254035683944
Braintree,-,7,902,518,1507,2707.0303738317757
Braintree,-,8,716,443,1228,2205.8615123194563
Braintree,-,9,1060,705,1866,3351.903568394223
Braintree,-,10,905,524,1532,2751.9379779099404
Braintree,-,11,940,645,1679,3015.9946898895496
Braintree,-,12,892,621,1606,2884.8644859813085
Brewster,-,1,1167,943,2231,3377.7882105894705
Brewster,-,2,1201,942,2249,3405.040647967601
Brewster,-,3,1154,907,2187,3311.171141442928
Bridgewater,-,1,1215,907,2294,4770.800165152767
Bridgewater,-,2,1197,869,2203,4581.548720066061
Bridgewater,-,3,1223,1010,2363,4914.298513625103
Bridgewater,-,4,440,278,766,1593.0396366639143
Bridgewater,-,5,546,350,959,1994.4190751445087
Bridgewater,-,6,988,550,1637,3404.44632535095
Bridgewater,-,7,1059,694,1888,3926.4475639966968
Brimfield,-,1,1032,835,2049,3339.0
Brockton,1,A,759,212,1040,2905.7020116730364
Brockton,1,B,1054,367,1528,4269.146801765769
Brockton,1,C,826,273,1170,3268.914763132166
Brockton,1,D,1119,559,1778,4967.632862264095
Brockton,2,A,635,61,770,2151.337066334844
Brockton,2,B,650,75,772,2156.924954818831
Brockton,2,C,559,64,663,1852.3850324415607
Brockton,2,D,836,249,1175,3282.8844843421325
Brockton,3,A,734,186,983,2746.447189879418
Brockton,3,B,818,130,1023,2858.20495955915
Brockton,3,C,1060,506,1666,4654.711107160845
Brockton,3,D,1005,516,1612,4503.8381180932065
Brockton,4,A,591,79,734,2050.755073623085
Brockton,4,B,884,258,1220,3408.6119752318314
Brockton,4,C,979,328,1392,3889.17038485468
Brockton,4,D,984,326,1395,3897.5522175806595
Brockton,5,A,828,110,1021,2852.6170710751635
Brockton,5,B,982,306,1378,3850.055165466773
Brockton,5,C,842,211,1127,3148.775160726454
Brockton,5,D,947,381,1420,3967.4008236304917
Brockton,6,A,725,227,1007,2813.5018516872574
Brockton,6,B,893,373,1351,3774.618670932954
Brockton,6,C,876,346,1296,3620.9517376233225
Brockton,6,D,954,451,1486,4151.80114360205
Brockton,7,A,754,128,944,2637.483364441679
Brockton,7,B,963,218,1275,3562.2789085414634
Brockton,7,C,922,198,1200,3352.733090391965
Brockton,7,D,913,347,1327,3707.5640091251144
Brookfield,-,1,944,684,1770,3051.0
Brookline,-,1,1285,255,1636,3350.901862643452
Brookline,-,2,1013,163,1267,2595.1055378785168
Brookline,-,3,1416,237,1737,3557.7729434056705
Brookline,-,4,1173,258,1534,3141.982553358836
Brookline,-,5,1340,219,1660,3400.059347181009
Brookline,-,6,1471,183,1740,3563.917628972865
Brookline,-,7,1435,228,1778,3641.7503128239964
Brookline,-,8,1413,189,1698,3477.8920310321405
Brookline,-,9,1434,188,1730,3543.4353437488826
Brookline,-,10,1368,282,1733,3549.5800293160773
Brookline,-,11,1523,247,1866,3821.9944227950373
Brookline,-,12,1550,275,1912,3916.2129348253548
Brookline,-,13,1356,295,1763,3611.0268849880235
Brookline,-,14,1485,406,2008,4112.8428729755815
Brookline,-,15,1383,534,2033,4164.0485860355375
Brookline,-,16,1359,427,1876,3842.47670801902
Buckland,-,1,781,199,1078,1991.0
Burlington,-,1,1250,916,2281,4059.1330999611046
Burlington,-,2,1163,655,1929,3432.7346557759624
Burlington,-,3,1432,895,2476,4406.1436017113965
Burlington,-,4,1061,607,1775,3158.685336444963
Burlington,-,5,1296,812,2245,3995.069622714897
Burlington,-,6,1244,776,2149,3824.233683391676
Cambridge,1,1,1235,304,1644,3565.981552421512
Cambridge,1,2,1057,162,1305,2830.6605388747407
Cambridge,1,3,1067,172,1325,2874.042309585465
Cambridge,2,1,1225,64,1392,3019.37124146639
Cambridge,2,2,306,47,397,861.1281486078713
Cambridge,2,3,274,60,384,832.9299976459007
Cambridge,3,1,987,147,1212,2628.935305069874
Cambridge,3,2,1221,102,1436,3114.8111370299825
Cambridge,3,3,1007,64,1148,2490.113638795557
Cambridge,4,1,1413,103,1612,3496.570719284354
Cambridge,4,2,1503,141,1771,3841.45579643461
Cambridge,4,3,586,81,728,1579.0964538703533
Cambridge,5,1,1531,130,1775,3850.1321505767546
Cambridge,5,2,1488,105,1682,3648.406916771888
Cambridge,5,3,1550,167,1840,3991.1229053866073
Cambridge,6,1,1414,144,1675,3633.2232970231344
Cambridge,6,2,1287,148,1535,3329.5509020480667
Cambridge,6,3,1494,159,1744,3782.8904059751317
Cambridge,7,1,1379,137,1603,3477.0489224645285
Cambridge,7,2,737,76,863,1871.9234061677405
Cambridge,7,3,515,59,610,1323.1440066770817
Cambridge,8,1,993,118,1189,2579.0462687525414
Cambridge,8,2,1417,183,1692,3670.09780212725
Cambridge,8,3,383,36,444,963.0753097780727
Cambridge,9,1,1564,222,1880,4077.886446808055
Cambridge,9,2,1529,292,1925,4175.4954309071845
Cambridge,9,3,1457,238,1792,3887.0066556808697
Cambridge,10,1,1682,170,1978,4290.457123290603
Cambridge,10,2,1618,187,1908,4138.6209258030685
Cambridge,10,3,1130,89,1288,2793.786033770625
Cambridge,11,1,1047,53,1175,2548.6790292550345
Cambridge,11,2,1472,241,1822,3952.079311746955
Cambridge,11,3,1615,226,1953,4236.2299099021975
Canton,-,1,1133,644,1888,3229.841897233202
Canton,-,2,1291,690,2110,3609.622035573122
Canton,-,3,1210,699,2038,3486.450098814229
Canton,-,4,1159,841,2129,3642.1257411067195
Canton,-,5,1209,771,2098,3589.09337944664
Canton,-,6,1148,634,1881,3217.866847826087
Carlisle,-,1,1977,1106,3246,4717.0
Carver,-,1,1092,836,2097,3794.4259349198637
Carver,-,2,1070,793,2023,3660.526307268901
Carver,-,3,1083,790,2057,3722.047757811235
Charlemont,-,1,476,161,694,1358.0
Charlton,-,1,1107,871,2099,3644.9332408263954
Charlton,-,2,1057,966,2169,3766.488899167438
Charlton,-,3,1167,892,2218,3851.577860006167
Chatham,-,1,1107,1077,2275,3138.6661807580176
Chatham,-,2,1257,1184,2527,3486.3338192419824
Chelmsford,-,1,1114,850,2094,3620.4183220139917
Chelmsford,-,2,1083,676,1904,3291.9180922228466
Chelmsford,-,3,1140,828,2090,3613.502527702599
Chelmsford,-,4,1032,770,1942,3357.6181381810757
Chelmsford,-,5,1148,851,2158,3731.071030996272
Chelmsford,-,6,1254,936,2341,4047.4686207424807
Chelmsford,-,7,1248,1059,2423,4189.242404126027
Chelmsford,-,8,1279,924,2340,4045.7396721646323
Chelmsford,-,9,1187,976,2291,3961.021191850074
Chelsea,1,1,285,41,365,1587.4832796631163
Chelsea,1,2,215,34,282,1226.4939311369828
Chelsea,1,3,293,54,385,1674.4686648501363
Chelsea,1,4,269,50,363,1578.784741144414
Chelsea,2,1,683,212,958,4166.599950458261
Chelsea,2,2,285,42,360,1565.7369333663612
Chelsea,2,3,215,23,275,1196.049046321526
Chelsea,2,4,280,39,368,1600.5310874411691
Chelsea,3,1,314,44,410,1783.2003963339114
Chelsea,3,2,460,77,612,2661.752786722814
Chelsea,3,3,400,59,545,2370.3517463462967
Chelsea,3,4,373,91,505,2196.3809759722567
Chelsea,4,1,545,138,781,3396.7792915531336
Chelsea,4,2,547,159,780,3392.4300222937823
Chelsea,4,3,474,134,678,2948.80455783998
Chelsea,4,4,292,71,407,1770.1525885558583
Cheshire,-,1,1404,363,1896,3401.0
Chester,-,1,378,242,709,1308.0
Chesterfield,-,1,439,223,736,1201.0
Chicopee,1,A,896,420,1446,3366.054945054945
Chicopee,1,B,1031,459,1643,3824.6391941391944
Chicopee,2,A,315,74,421,980.0201465201465
Chicopee,2,B,419,130,605,1408.3424908424909
Chicopee,2,CN,108,50,172,400.38827838827837
Chicopee,2,CS,218,52,295,686.7124542124542
Chicopee,2,D,471,221,759,1766.82967032967
Chicopee,3,AE,236,111,372,865.9560439560439
Chicopee,3,AW,474,217,772,1797.0915750915751
Chicopee,3,B,431,82,569,1324.5402930402931
Chicopee,3,C,470,138,684,1592.2417582417581
Chicopee,4,A,530,192,776,1806.4029304029305
Chicopee,4,B,469,160,705,1641.1263736263736
Chicopee,4,C,632,336,1058,2462.8534798534797
Chicopee,5,A,775,314,1193,2777.1117216117214
Chicopee,5,B,916,323,1353,3149.565934065934
Chicopee,6,AN,228,114,373,868.2838827838827
Chicopee,6,AS,598,268,946,2202.1355311355314
Chicopee,6,BE,771,485,1364,3175.172161172161
Chicopee,6,BW,211,73,322,749.5641025641025
Chicopee,7,A,756,220,1072,2495.443223443224
Chicopee,7,B,747,229,1083,2521.0494505494503
Chicopee,8,A,836,338,1273,2963.3388278388275
Chicopee,8,B,814,305,1244,2895.8315018315016
Chicopee,9,A,894,366,1382,3217.0732600732604
Chicopee,9,B,993,474,1596,3715.2307692307695
Chilmark,-,1,534,157,742,843.0
Clarksburg,-,1,686,160,905,1686.0
Clinton,-,1,1178,608,1901,3922.383031048263
Clinton,-,2,799,433,1346,2777.2370119889333
Clinton,-,3,1005,602,1721,3550.9843221641563
Clinton,-,4,1011,420,1538,3173.3956347986473
Cohasset,-,1,1257,1010,2369,3715.9881183841003
Cohasset,-,2,1203,950,2260,3545.0118816158997
Colrain,-,1,646,206,943,1813.0
Concord,-,1,1065,512,1643,2638.395293895294
Concord,-,2,1564,632,2292,3680.5855225855225
Concord,-,3,1414,700,2221,3566.570875070875
Concord,-,4,1441,636,2162,3471.8263088263093
Concord,-,5,1545,619,2264,3635.6219996219997
Conway,-,1,931,241,1258,1809.0
Cummington,-,1,385,123,541,978.0
Dalton,-,1,1291,373,1749,3379.340622371741
Dalton,-,2,1290,421,1818,3512.6593776282593
Danvers,-,1,1017,528,1632,2928.5397864768684
Danvers,-,2,1120,592,1811,3249.746049822064
Danvers,-,3,951,580,1616,2899.8286120996445
Danvers,-,4,953,635,1690,3032.617793594306
Danvers,-,5,1008,653,1752,3143.8735943060497
Danvers,-,6,1011,767,1866,3348.440711743772
Danvers,-,7,954,635,1662,2982.373238434164
Danvers,-,8,1189,733,2021,3626.5802135231315
Dartmouth,-,1,1007,494,1614,2944.373825104105
Dartmouth,-,2,760,326,1172,2138.0459250446165
Dartmouth,-,3,1145,223,1498,2732.7583581201666
Dartmouth,-,4,1090,406,1609,2935.25246876859
Dartmouth,-,5,1196,580,1848,3371.253301606187
Dartmouth,-,6,1189,384,1689,3081.1941701368237
Dartmouth,-,7,1155,515,1789,3263.621296847115
Dartmouth,-,8,1086,375,1577,2876.875788221297
Dartmouth,-,9,1232,706,2052,3743.4046400951815
Dartmouth,-,10,1197,627,1962,3579.220226055919
Dedham,-,1,984,691,1789,3264.921521350237
Dedham,-,2,1147,576,1842,3361.6464182935365
Dedham,-,3,989,450,1549,2826.9219880220894
Dedham,-,4,1328,726,2205,4024.1207124523603
Dedham,-,5,1046,604,1748,3190.0966010733455
Dedham,-,6,1032,522,1654,3018.546783853154
Dedham,-,7,1181,757,2070,3777.7459749552772
Deerfield,-,1,2217,668,3075,4750.0
Dennis,-,1,1054,974,2108,3517.2969810926566
Dennis,-,2,1061,934,2078,3467.2405724433306
Dennis,-,3,811,655,1541,2571.2308576203905
Dennis,-,4,1018,846,1935,3228.6383578815417
Dennis,-,5,1040,788,1911,3188.5932309620807
Dighton,-,1,2076,1253,3598,6175.0
Douglas,-,1,1009,953,2071,3375.797084683017
Douglas,-,2,1103,1007,2251,3669.202915316983
Dover,-,1,1672,1589,3428,5558.0
Dracut,-,1,932,694,1733,3325.5808922332703
Dracut,-,2,753,560,1425,2734.5370868046225
Dracut,-,3,869,665,1652,3170.1440472991135
Dracut,-,4,922,831,1855,3559.6956463316315
Dracut,-,5,821,651,1560,2993.5984950282186
Dracut,-,6,833,545,1471,2822.8098629400697
Dracut,-,6A,46,19,67,128.57121741467347
Dracut,-,7,802,604,1502,2882.2980381617845
Dracut,-,8,1007,837,1949,3740.079145391024
Dracut,-,9,910,660,1670,3204.6855683955923
Dudley,-,1,723,440,1223,2423.302665350444
Dudley,-,2,640,381,1093,2165.7153010858838
Dudley,-,3,872,661,1621,3211.916288252715
Dudley,-,4,628,425,1128,2235.0657453109575
Dunstable,-,1,938,815,1866,2829.0
Duxbury,-,1,815,702,1597,2407.836613756614
Duxbury,-,2,884,905,1862,2807.3837037037038
Duxbury,-,3,809,715,1603,2416.882962962963
Duxbury,-,4,757,620,1431,2157.554285714286
Duxbury,-,5,740,623,1430,2156.046560846561
Duxbury,-,6,792,657,1527,2302.295873015873
E. Bridgewater,-,1,893,697,1699,3051.3325027685496
E. Bridgewater,-,2,959,754,1842,3308.1544850498335
E. Bridgewater,-,3,1065,747,1945,3493.138150609081
E. Bridgewater,-,4,925,699,1738,3121.3748615725362
E. Brookfield,-,1,582,528,1184,2097.0
E. Longmeadow,-,1,1144,735,2037,3324.2708333333335
E. Longmeadow,-,2,1111,676,1948,3179.027777777778
E. Longmeadow,-,3,1226,954,2326,3795.9027777777783
E. Longmeadow,-,4,1098,1048,2329,3800.7986111111113
Eastham,-,1,2146,1514,3843,5453.0
Easthampton,-,1,1231,431,1790,3206.323216485609
Easthampton,-,2,1234,287,1659,2971.6705118154327
Easthampton,-,3,1156,297,1577,2824.788666144025
Easthampton,-,4,1407,439,1968,3525.164296113787
Easthampton,-,5,1241,563,1935,3466.053309441147
Easton,-,1,723,554,1356,2507.2507462686567
Easton,-,2,1240,867,2230,4123.281094527363
Easton,-,3,1126,714,1994,3686.9159203980103
Easton,-,4,1110,842,2080,3845.930348258706
Easton,-,5,1298,867,2294,4241.617412935324
Easton,-,6,1128,843,2106,3894.0044776119403
Edgartown,-,1,1598,742,2472,3779.0
Egremont,-,1,653,144,847,1345.0
Erving,-,1,566,181,806,1467.0
Essex,-,1,1243,827,2209,3267.0
Everett,1,1,505,171,733,2147.5098975583455
Everett,1,2,411,131,580,1699.2574905645843
Everett,1,3,455,113,626,1834.0261880921205
Everett,2,1,513,164,720,2109.423091735346
Everett,2,2,458,157,654,1916.0593083262727
Everett,2,3,474,129,643,1883.8320110914274
Everett,3,1,690,235,1001,2932.6840483709466
Everett,3,2,487,111,639,1872.11299391512
Everett,3,3,543,178,775,2270.5595779095743
Everett,4,1,590,216,861,2522.518447200185
Everett,4,2,506,126,690,2021.5304629130403
Everett,4,3,480,147,684,2003.951937148579
Everett,5,1,615,173,845,2475.6423784949548
Everett,5,2,456,143,650,1904.3402911499652
Everett,5,3,493,141,677,1983.4436570900407
Everett,6,1,551,178,783,2293.9976122621893
Everett,6,2,481,172,710,2080.1255487945773
Everett,6,3,506,147,712,2085.985057382731
Fairhaven,-,1,930,403,1415,2687.4688528443817
Fairhaven,-,2,1001,411,1510,2867.899623883404
Fairhaven,-,3,901,288,1275,2421.570874471086
Fairhaven,-,4,925,368,1385,2630.490714621533
Fairhaven,-,5,942,373,1426,2708.3608368594264
Fairhaven,-,6,963,445,1497,2843.2090973201693
Fall River,1,A,951,242,1314,3795.6055045871562
Fall River,1,B,729,198,1036,2992.57785597587
Fall River,1,C,702,172,958,2767.2679401784594
Fall River,1,D,844,179,1127,3255.439424406183
Fall River,2,A,709,130,930,2686.387457584517
Fall River,2,B,705,126,915,2643.0586276234762
Fall River,2,C,858,155,1133,3272.7709563905996
Fall River,3,A,922,200,1232,3558.7412341334675
Fall River,3,B,1014,203,1340,3870.70880985296
Fall River,3,C,899,222,1240,3581.8499434460223
Fall River,4,A,756,170,1027,2966.5805579992457
Fall River,4,B,656,102,847,2446.6345984667587
Fall River,4,C,804,102,996,2877.034309413096
Fall River,5,A,531,69,655,1892.025574965439
Fall River,5,B,512,94,685,1978.6832348875205
Fall River,5,C,595,67,738,2131.778434083197
Fall River,6,A,968,262,1350,3899.5946964936534
Fall River,6,B,707,107,913,2637.2814502953374
Fall River,6,C,781,183,1049,3030.129508608772
Fall River,7,A,521,90,663,1915.134284277994
Fall River,7,B,583,172,873,2521.7379037325622
Fall River,7,C,520,133,727,2100.003958778434
Fall River,7,D,638,117,831,2400.4171798416487
Fall River,8,A,586,143,797,2302.2051652632904
Fall River,8,B,880,316,1323,3821.6028025637806
Fall River,8,C,921,265,1314,3795.6055045871562
Fall River,8,D,655,177,936,2703.718989568933
Fall River,9,A,1338,508,2045,5907.163818021868
Fall River,9,B,913,266,1325,3827.379979891919
Fall River,9,C,1089,312,1509,4358.880294080684
Falmouth,-,1,1549,632,2282,3785.945341867317
Falmouth,-,2,1245,658,2003,3323.0712181245553
Falmouth,-,3,1247,833,2185,3625.0177791323786
Falmouth,-,4,1232,797,2131,3535.429239053134
Falmouth,-,5,1326,1034,2473,4102.82332622168
Falmouth,-,6,1324,777,2210,3666.4939550949916
Falmouth,-,7,1137,812,2051,3402.7054759727725
Falmouth,-,8,1289,936,2331,3867.2386467540387
Falmouth,-,9,1174,743,2020,3351.275017779132
Fitchburg,1,A,731,240,1028,2785.258869179601
Fitchburg,1,B,790,349,1225,3319.00983924612
Fitchburg,2,A,567,215,835,2262.345482261641
Fitchburg,2,B,742,323,1142,3094.1299889135257
Fitchburg,3,A,1292,724,2140,5798.106984478935
Fitchburg,3,B,880,475,1456,3944.880266075388
Fitchburg,4,A,555,285,903,2446.58439578714
Fitchburg,4,B,519,202,780,2113.328713968958
Fitchburg,5,A,1010,681,1793,4857.946646341464
Fitchburg,5,B,513,168,722,1956.1837583148558
Fitchburg,6,A,877,453,1419,3844.63262195122
Fitchburg,6,B,671,235,989,2679.592433481153
Florida,-,1,281,99,430,676.0
Foxborough,-,1,991,607,1705,3027.5909935512077
Foxborough,-,2,1061,688,1862,3306.3779648048967
Foxborough,-,3,1031,767,1928,3423.575035523008
Foxborough,-,4,989,706,1828,3246.0037162531426
Foxborough,-,5,987,719,1826,3242.452289867745
Framingham,-,1,1364,663,2147,5303.886653129038
Framingham,-,2,1447,665,2217,5476.812626915267
Framingham,-,3,1218,517,1838,4540.541997415543
Framingham,-,4,1465,669,2258,5578.097840132915
Framingham,-,5,1356,595,2081,5140.842163559166
Framingham,-,6,1365,573,2045,5051.908805611963
Framingham,-,7,1218,518,1848,4565.245707956434
Framingham,-,8,1241,450,1786,4412.0827026029165
Framingham,-,9,872,341,1280,3162.074949233893
Framingham,-,10,772,267,1097,2709.9970463356103
Framingham,-,11,1476,719,2291,5659.620084917851
Framingham,-,12,665,292,1013,2502.485877792136
Framingham,-,13,916,308,1290,3186.778659774783
Framingham,-,14,692,195,947,2339.4413882222634
Framingham,-,15,793,202,1050,2593.8896067934284
Framingham,-,16,358,90,476,1175.896621746354
Framingham,-,17,469,56,569,1405.6411297766292
Framingham,-,18,606,189,852,2104.75613808381
Franklin,-,1,1104,720,1937,3409.6182933365094
Franklin,-,2,1172,752,2047,3603.246590841422
Franklin,-,3,1220,634,1981,3487.069612338474
Franklin,-,4,1231,903,2255,3969.3800988507114
Franklin,-,5,1222,759,2103,3701.820996843923
Franklin,-,6,1147,726,1994,3509.952956589055
Franklin,-,7,1227,868,2202,3876.0864645983443
Franklin,-,8,1277,852,2274,4002.82498660156
Freetown,-,1,886,601,1610,2819.3303017775943
Freetown,-,2,942,530,1596,2794.8143861099625
Freetown,-,3,922,601,1632,2857.8553121124432
Gardner,1,A,592,383,1025,2526.0144755576653
Gardner,1,B,456,229,736,1813.8016136687233
Gardner,1,C,115,55,185,455.91480778357857
Gardner,2,A,499,232,792,1951.8082581869958
Gardner,2,B,603,316,991,2442.2247271001424
Gardner,3,A,449,167,657,1619.1136687233031
Gardner,3,B,628,244,933,2299.2892738490746
Gardner,4,A,471,255,785,1934.5574276222117
Gardner,4,B,367,163,576,1419.496915045088
Gardner,5,A,492,214,758,1868.0185097294734
Gardner,5,B,606,318,990,2439.760322733745
Georgetown,-,1,1301,999,2412,3749.1201011378007
Georgetown,-,2,1259,963,2334,3627.8798988621998
Gill,-,1,674,186,919,1363.0
Gloucester,1,1,1171,524,1860,3590.141545524101
Gloucester,1,2,969,440,1536,2964.762050497322
Gloucester,2,1,822,268,1175,2267.9657612853866
Gloucester,2,2,854,238,1194,2304.639250191278
Gloucester,3,1,874,303,1290,2489.9368783473606
Gloucester,3,2,919,370,1404,2709.9778117827086
Gloucester,4,1,1059,469,1656,3196.3840856924253
Gloucester,4,2,1320,506,1993,3846.855967865341
Gloucester,5,1,1066,545,1740,3358.5195103289975
Gloucester,5,2,1059,617,1836,3543.8171384850802
Goshen,-,1,393,172,612,921.0
Gosnold,-,1,44,33,80,86.0
Grafton,-,1,1023,703,1825,3011.138805804808
Grafton,-,2,1437,1092,2671,4406.987260440899
Grafton,-,3,1271,892,2286,3771.7607178464605
Grafton,-,4,1263,842,2245,3704.113215907832
Granby,-,1,2117,1238,3584,6132.0
Granville,-,1,408,391,879,1521.0
Great Barrington,-,A,786,149,1005,2004.4077901430844
Great Barrington,-,B,795,139,991,1976.485691573927
Great Barrington,-,C,683,85,815,1625.4650238473769
Great Barrington,-,D,766,142,963,1920.641494435612
Greenfield,-,1,673,239,983,2083.6709835491774
Greenfield,-,2,873,313,1281,2715.343367168359
Greenfield,-,3,683,175,938,1988.2842142107104
Greenfield,-,4,742,198,1005,2130.3045152257614
Greenfield,-,5,773,151,1014,2149.3818690934545
Greenfield,-,6,663,120,862,1827.1865593279665
Greenfield,-,7,661,180,906,1920.4536226811342
Greenfield,-,8,635,84,783,1659.7297864893244
Greenfield,-,9,573,159,799,1693.6450822541126
Groton,-,1,1129,773,2077,3231.07691054261
Groton,-,2,1124,790,2054,3195.297050676226
Groton,-,3,1140,753,2006,3120.6260387811635
Groveland,-,1,2037,1626,3867,6038.0
Hadley,-,1,2210,703,3103,4793.0
Halifax,-,1,1135,905,2200,4016.597510373444
Halifax,-,2,1035,742,1897,3463.402489626556
Hamilton,-,1,983,695,1777,3125.1596869712353
Hamilton,-,2,926,722,1726,3035.4674280879863
Hamilton,-,3,614,534,1225,2154.3728849407785
Hampden,-,1,1588,1149,2994,5171.0
Hancock,-,1,262,106,399,721.0
Hanover,-,1,969,890,1993,3210.456681350954
Hanover,-,2,1017,859,1986,3199.180616740088
Hanover,-,3,1058,868,2048,3299.0543318649047
Hanover,-,4,1065,974,2145,3455.3083700440525
Hanson,-,1,974,722,1799,3122.489055089384
Hanson,-,2,920,774,1797,3119.017694272163
Hanson,-,3,954,806,1886,3273.493250638453
Hardwick,-,1,842,473,1415,2622.0
Harvard,-,1,2058,1219,3489,5981.0
Harwich,-,1,1029,937,2082,3166.8490728232837
Harwich,-,2,984,948,2033,3092.317082156453
Harwich,-,3,1088,1042,2225,3384.3608006877075
Harwich,-,4,925,785,1803,2742.4730443325557
Hatfield,-,1,1502,513,2122,3249.0
Haverhill,1,1,575,175,814,1768.7657896676249
Haverhill,1,2,542,161,764,1660.1192423907437
Haverhill,1,3,757,328,1180,2564.0585157343944
Haverhill,2,1,659,330,1072,2329.3819736163314
Haverhill,2,2,747,442,1282,2785.697472179232
Haverhill,2,3,529,180,765,1662.2921733362812
Haverhill,3,1,562,109,732,1590.5854521335398
Haverhill,3,1A,28,7,40,86.91723782150491
Haverhill,3,2,614,205,904,1964.3295747660109
Haverhill,3,3,732,330,1145,2488.0059326405776
Haverhill,4,1,876,514,1510,3281.12572776181
Haverhill,4,2,976,700,1795,3900.4110472400325
Haverhill,4,3,868,558,1539,3344.140725182401
Haverhill,5,1,919,441,1455,3161.614525757241
Haverhill,5,2,973,594,1662,3611.4112314835284
Haverhill,5,3,928,749,1785,3878.681737784656
Haverhill,6,1,876,457,1413,3070.3514260446605
Haverhill,6,2,833,409,1357,2948.6672930945538
Haverhill,6,3,849,472,1421,3087.7348736089616
Haverhill,7,1,763,495,1355,2944.3214312034784
Haverhill,7,2,819,437,1327,2883.479364728425
Haverhill,7,3,1008,680,1821,3956.907251824011
Hawley,-,1,106,57,176,336.0
Heath,-,1,289,120,444,805.0
Hingham,-,1,1136,719,1958,2886.1918742586
Hingham,-,2,1102,872,2083,3070.44825029656
Hingham,-,3,1243,835,2198,3239.9641162514827
Hingham,-,4,1118,928,2153,3173.6318208778175
Hingham,-,5,1098,870,2044,3012.9602609727167
Hingham,-,6,1705,1226,3052,4498.803677342823
Hinsdale,-,1,751,260,1106,1872.0
Holbrook,-,1,810,450,1351,2682.845700607623
Holbrook,-,2,824,508,1421,2821.853249861904
Holbrook,-,3,835,490,1400,2780.1509850856196
Holbrook,-,4,792,376,1259,2500.1500644448533
Holden,-,1,984,781,1884,2812.227806975633
Holden,-,2,1237,970,2324,3469.011371237458
Holden,-,3,1136,857,2111,3151.0684185379837
Holden,-,4,1161,864,2174,3245.107883420927
Holden,-,5,1056,809,1972,2943.584519827998
Holland,-,1,722,491,1341,2407.0
Holliston,-,1,1324,817,2259,3769.8257557436514
Holliston,-,2,1305,710,2136,3564.5629987908096
Holliston,-,3,1207,619,1915,3195.7575574365173
Holliston,-,4,1154,713,1960,3270.8536880290203
Holyoke,1,A,478,39,612,1570.627842556207
Holyoke,1,B,544,75,741,1901.6915544675642
Holyoke,2,A,614,127,840,2155.7637054693037
Holyoke,2,B,454,43,624,1601.424466920054
Holyoke,3,A,925,198,1239,3179.751465567223
Holyoke,3,B,935,333,1396,3582.6739676608904
Holyoke,4,A,461,77,601,1542.3976035560138
Holyoke,4,B,742,145,1003,2574.084519744895
Holyoke,5,A,1026,587,1755,4504.0063132126525
Holyoke,5,B,892,247,1250,3207.9817045674163
Holyoke,6,A,976,240,1345,3451.7883141145394
Holyoke,6,B,868,254,1213,3113.025446112221
Holyoke,7,A,898,440,1457,3739.22347484378
Holyoke,7,B,969,359,1447,3713.559621207241
Hopedale,-,1,1999,1209,3394,5907.0
Hopkinton,-,1,1183,783,2059,3273.6971646414104
Hopkinton,-,2,1197,826,2154,3424.7419585418156
Hopkinton,-,3,1202,893,2213,3518.5487252799617
Hopkinton,-,4,1040,856,1968,3129.012151536812
Hubbardston,-,1,1214,1139,2556,3909.0
Hudson,-,1,960,502,1554,2864.6043150824344
Hudson,-,2,849,364,1290,2377.9533889680442
Hudson,-,3,871,526,1471,2711.604213311622
Hudson,-,4,896,661,1670,3078.4357826175456
Hudson,-,5,969,576,1655,3050.785161815591
Hudson,-,6,674,316,1059,1952.1338286179523
Hudson,-,7,730,315,1127,2077.4833095868103
Hull,-,1,1277,617,2039,3778.458829448264
Hull,-,2,1073,530,1721,3189.1749119570686
Hull,-,3,1369,721,2203,4082.366258594667
Huntington,-,1,657,360,1143,2174.0
Ipswich,-,1,1128,613,1862,2960.9151463205585
Ipswich,-,2,1298,725,2141,3404.575364270846
Ipswich,-,3,1072,928,2118,3368.0012244398185
Ipswich,-,4,1222,709,2046,3253.5082649687765
Kingston,-,1,892,610,1600,2798.0997624703086
Kingston,-,2,868,823,1784,3119.8812351543943
Kingston,-,3,873,724,1678,2934.5071258907365
Kingston,-,4,927,645,1674,2927.5118764845606
Lakeville,-,1,974,770,1859,3184.5873015873017
Lakeville,-,2,850,892,1882,3223.9877899877897
Lakeville,-,3,913,971,1992,3412.4249084249086
Lancaster,-,1,763,557,1406,2824.2460533478497
Lancaster,-,2,1147,992,2268,4555.75394665215
Lanesborough,-,1,1202,346,1682,2990.0
Lawrence,A,1,696,142,917,3360.296592065107
Lawrence,A,2,449,38,586,2147.3651068158697
Lawrence,A,3,604,150,831,3045.1542726347916
Lawrence,A,4,590,84,754,2762.991963377416
Lawrence,B,1,702,88,931,3411.5988301119023
Lawrence,B,2,559,28,640,2345.2451678535094
Lawrence,B,3,605,73,768,2814.2942014242117
Lawrence,B,4,655,61,918,3363.9610376398778
Lawrence,C,1,424,24,587,2151.0295523906407
Lawrence,C,2,494,26,608,2227.982909460834
Lawrence,C,3,664,29,775,2839.9453204476094
Lawrence,C,4,555,53,715,2620.078585961343
Lawrence,D,1,700,111,886,3246.6987792472023
Lawrence,D,2,767,214,1060,3884.3123092573755
Lawrence,D,3,507,75,667,2444.1851983723295
Lawrence,D,4,644,53,820,3004.845371312309
Lawrence,E,1,784,320,1207,4422.985808748728
Lawrence,E,2,788,368,1232,4514.596948118006
Lawrence,E,3,538,121,713,2612.7496948118005
Lawrence,E,4,575,141,800,2931.556459816887
Lawrence,F,1,770,324,1169,4283.736876907426
Lawrence,F,2,580,84,720,2638.4008138351983
Lawrence,F,3,474,60,607,2224.318463886063
Lawrence,F,4,558,131,749,2744.669735503561
Lee,-,1,330,95,466,917.4375
Lee,-,2,390,87,510,1004.0625
Lee,-,3,331,91,468,921.375
Lee,-,4,485,131,652,1283.625
Lee,-,5,305,94,428,842.625
Lee,-,6,364,118,516,1015.875
Leicester,-,1,781,568,1449,2749.6337441101846
Leicester,-,2,739,409,1241,2354.931315694092
Leicester,-,3,797,563,1437,2726.8624501631025
Leicester,-,4,796,496,1391,2639.5724900326204
Lenox,-,1,2296,572,3051,5077.0
Leominster,1,A,837,630,1562,3515.4362467306014
Leominster,1,B,887,579,1547,3481.6772558849175
Leominster,1,C,607,333,992,2232.5945945945946
Leominster,2,A,560,223,840,1890.503487358326
Leominster,2,B,681,303,1060,2385.6353530950305
Leominster,2,C,490,198,743,1672.1953465562337
Leominster,3,A,613,302,975,2194.3344049694856
Leominster,3,B,817,589,1487,3346.6412925021796
Leominster,3,C,877,476,1419,3193.600534001743
Leominster,4,A,993,587,1676,3772.004577157803
Leominster,4,B,830,581,1499,3373.6484851787272
Leominster,4,C,583,278,936,2106.561028770706
Leominster,5,A,762,357,1203,2707.4710658238887
Leominster,5,B,861,535,1471,3310.631702266783
Leominster,5,C,639,237,942,2120.0646251089797
Leverett,-,1,1035,143,1256,1663.0
Lexington,-,1,1176,463,1736,2933.7646141855025
Lexington,-,2,1611,416,2147,3628.3367665070705
Lexington,-,3,1517,457,2067,3493.140240507739
Lexington,-,4,1484,461,2051,3466.100935307872
Lexington,-,5,1368,505,1984,3352.873844783432
Lexington,-,6,1437,556,2086,3525.24941543258
Lexington,-,7,1483,468,2058,3477.930631332814
Lexington,-,8,1400,450,1942,3281.8956686337824
Lexington,-,9,1277,517,1891,3195.7078833092082
Leyden,-,1,331,107,475,772.0
Lincoln,-,1,1306,375,1773,4085.608695652174
Lincoln,-,2,1138,385,1601,3689.260869565217
Lincoln,-,3,62,45,122,281.1304347826087
Littleton,-,1,1068,668,1830,2882.355658198614
Littleton,-,2,1061,652,1804,2841.40415704388
Littleton,-,3,890,582,1562,2460.240184757506
Longmeadow,-,A,1178,669,1974,3189.946454413893
Longmeadow,-,B,1152,630,1899,3068.7478809179242
Longmeadow,-,C,1055,677,1839,2971.7890221211496
Longmeadow,-,D,1123,743,1985,3207.722245193301
Longmeadow,-,E,1166,674,1977,3194.7943973537317
Lowell,1,1,639,178,900,2966.629055007052
Lowell,1,2,1142,695,1972,6500.213884971007
Lowell,1,3,979,604,1681,5541.00382385206
Lowell,2,1,324,79,439,1447.0557279423288
Lowell,2,2,523,65,661,2178.8242281774014
Lowell,2,3,1004,240,1353,4459.832346027269
Lowell,3,1,621,193,877,2890.815201379094
Lowell,3,2,465,123,633,2086.5291020216264
Lowell,3,3,510,158,754,2485.375897194797
Lowell,4,1,643,238,962,3170.9968343519827
Lowell,4,2,454,114,632,2083.2328475160634
Lowell,4,3,506,95,684,2254.6380818053594
Lowell,5,1,513,280,858,2828.1863657733898
Lowell,5,2,473,186,722,2379.8957530167686
Lowell,5,3,647,333,1045,3444.5859583137435
Lowell,6,1,824,449,1363,4492.794891082902
Lowell,6,2,900,434,1437,4736.717724494593
Lowell,6,3,922,365,1401,4618.0525622943105
Lowell,7,1,481,138,680,2241.4530637831062
Lowell,7,2,392,61,510,1681.0897978373296
Lowell,7,3,296,76,434,1430.574455414512
Lowell,8,1,613,177,851,2805.112584234446
Lowell,8,2,642,287,1003,3306.1432690800816
Lowell,8,3,1065,530,1718,5662.965240557906
Lowell,9,1,621,247,945,3114.9605077574047
Lowell,9,2,780,375,1252,4126.910640965366
Lowell,9,3,642,288,1008,3322.6245416078987
Lowell,10,1,641,248,966,3184.1818523742363
Lowell,10,2,482,110,638,2103.010374549444
Lowell,10,3,349,64,454,1496.4995455257797
Lowell,11,1,482,186,718,2366.710734994515
Lowell,11,2,678,387,1137,3747.841372825576
Lowell,11,3,785,329,1217,4011.5417332706475
Ludlow,-,1,1068,453,1646,3499.3999599037693
Ludlow,-,2,904,362,1400,2976.4033680834004
Ludlow,-,3,1238,782,2164,4600.669206094627
Ludlow,-,4,1141,413,1707,3629.0861066559746
Ludlow,-,5,591,333,994,2113.246391339214
Ludlow,-,6,1207,706,2065,4390.194967923015
Lunenburg,-,A,793,630,1507,2461.3111535788744
Lunenburg,-,B,785,475,1336,2182.0250173731756
Lunenburg,-,C,779,631,1507,2461.3111535788744
Lunenburg,-,D,762,569,1406,2296.3526754690756
Lynn,1,1,1245,669,2045,6079.157764721592
Lynn,1,2,1110,562,1793,5330.039057284016
Lynn,1,3,1070,405,1564,4649.2922953665375
Lynn,1,4,969,399,1457,4331.214114033916
Lynn,2,1,1193,513,1819,5407.32908265456
Lynn,2,2,848,197,1099,3266.9899185472027
Lynn,2,3,601,95,735,2184.9295633595943
Lynn,2,4,594,127,761,2262.2195887301373
Lynn,3,1,874,295,1233,3665.3308185338497
Lynn,3,2,614,169,830,2467.335425290426
Lynn,3,3,202,267,1045,3106.4644812391507
Lynn,3,4,756,215,1032,3067.8194685538792
Lynn,4,1,503,49,593,1762.8071171050876
Lynn,4,2,477,65,580,1724.1621044198157
Lynn,4,3,664,112,839,2494.089664841768
Lynn,4,4,889,231,1189,3534.532314060622
Lynn,5,1,733,206,993,2951.884430498064
Lynn,5,2,469,64,572,1700.3805581519562
Lynn,5,3,434,63,526,1563.636667111764
Lynn,5,4,1025,234,1331,3956.654760315129
Lynn,6,1,653,151,859,2553.543530511417
Lynn,6,2,413,63,521,1548.7732006943518
Lynn,6,3,500,51,582,1730.1074909867805
Lynn,6,4,665,151,880,2615.970089464548
Lynn,7,1,1130,347,1553,4616.592669248231
Lynn,7,2,991,295,1372,4078.535184937909
Lynn,7,3,801,207,1075,3195.645279743624
Lynn,7,4,768,259,1078,3204.5633595940712
Lynnfield,-,1,878,864,1839,3039.195017182131
Lynnfield,-,2,907,781,1805,2983.005441008019
Lynnfield,-,3,794,628,1504,2485.5624284077894
Lynnfield,-,4,846,922,1836,3034.237113402062
Malden,1,1,785,202,1055,2881.457242582897
Malden,1,2,875,275,1241,3389.4677137870854
Malden,2,1,827,231,1142,3119.0750436300177
Malden,2,2,893,371,1358,3709.022687609075
Malden,3,1,993,304,1378,3763.6474694589874
Malden,3,2,1128,459,1691,4618.525305410122
Malden,4,1,743,213,1043,2848.6823734729496
Malden,4,2,718,176,964,2632.9144851657943
Malden,5,1,991,271,1351,3689.9040139616054
Malden,5,2,1144,446,1706,4659.493891797557
Malden,6,1,1197,426,1732,4730.506108202443
Malden,6,2,950,284,1347,3678.979057591623
Malden,7,1,751,180,1000,2731.2390924956367
Malden,7,2,904,207,1178,3217.3996509598605
Malden,8,1,926,341,1352,3692.635253054101
Malden,8,2,754,253,1090,2977.0506108202444
Manchester-by-the-Sea,-,1,1985,1266,3421,5228.0
Mansfield,-,1,1166,815,2112,4052.2485875706216
Mansfield,-,2,1143,723,2026,3887.242253038863
Mansfield,-,3,1123,774,2025,3885.3235747303543
Mansfield,-,4,1082,665,1885,3616.70861153912
Mansfield,-,5,1079,597,1806,3465.1330251669233
Mansfield,-,6,1128,561,1828,3507.3439479541175
Marblehead,-,1,1124,644,1854,3032.0191011235956
Marblehead,-,2,1045,512,1640,2682.0449438202245
Marblehead,-,3,1007,504,1579,2582.28595505618
Marblehead,-,4,1046,769,1888,3087.6224719101124
Marblehead,-,5,1157,542,1779,2909.364606741573
Marblehead,-,6,1132,686,1894,3097.434831460674
Marblehead,-,7,1031,712,1826,2986.22808988764
Marion,-,1,1745,1238,3134,5123.0
Marlborough,1,1,788,409,1282,2836.328186977482
Marlborough,1,2,929,582,1591,3519.9673521694026
Marlborough,2,1,824,484,1374,3039.871239397083
Marlborough,2,2,668,338,1053,2329.6829804113017
Marlborough,3,1,490,212,759,1679.2301824617075
Marlborough,3,2,902,549,1540,3407.1337035454935
Marlborough,4,1,435,181,667,1475.6871300421067
Marlborough,4,2,849,475,1408,3115.0936718130224
Marlborough,5,1,543,210,834,1845.1620186733385
Marlborough,5,2,886,448,1420,3141.6427656068836
Marlborough,6,1,567,255,887,1962.4205162628914
Marlborough,6,2,824,511,1402,3101.8191249160923
Marlborough,7,1,612,312,987,2183.662964545066
Marlborough,7,2,711,418,1183,2617.298163178129
Marshfield,-,1,1252,802,2180,3630.9449465899756
Marshfield,-,2,1190,924,2238,3727.5480690221857
Marshfield,-,3,1073,685,1861,3099.6277732128183
Marshfield,-,4,998,786,1888,3144.598192276089
Marshfield,-,5,1023,743,1868,3111.2867707477403
Marshfield,-,6,1269,1009,2402,4000.701725554642
Marshfield,-,7,1104,961,2167,3609.2925225965487
Mashpee,-,1,1003,718,1804,2865.9447785004295
Mashpee,-,2,894,804,1784,2834.1715547919994
Mashpee,-,3,705,523,1291,2050.961590379188
Mashpee,-,4,862,569,1575,2502.1413670389006
Mashpee,-,5,786,811,1695,2692.7807092894836
Mattapoisett,-,1,1170,819,2108,3264.873733629849
Mattapoisett,-,2,1096,726,1939,3003.126266370151
Maynard,-,1,856,451,1405,2583.427035600987
Maynard,-,2,887,383,1339,2462.070320761368
Maynard,-,3,990,477,1556,2861.076489249207
Maynard,-,4,890,397,1374,2526.4261543884386
Medfield,-,1,1026,649,1783,3000.5154257507197
Medfield,-,2,1019,702,1830,3079.6092143150963
Medfield,-,3,1027,783,1916,3224.3340189222545
Medfield,-,4,917,743,1764,2968.541341011929
Medford,1,1,1116,363,1575,3245.2658513154006
Medford,1,2,1046,417,1544,3181.3907774164945
Medford,2,1,1093,437,1653,3405.983779190068
Medford,2,2,1331,558,1995,4110.670078332841
Medford,3,1,1286,618,2041,4205.452446053799
Medford,3,2,1469,694,2296,4730.876441028672
Medford,4,1,693,180,932,1920.3731894767957
Medford,4,2,1216,410,1713,3529.6129544782734
Medford,5,1,1096,328,1529,3150.4834835944425
Medford,5,2,1012,218,1320,2719.841856340526
Medford,6,1,1576,364,2028,4178.666124741353
Medford,6,2,1255,436,1804,3717.117203665386
Medford,7,1,1066,323,1486,3061.8825746378952
Medford,7,2,1161,410,1673,3447.1935042861364
Medford,8,1,1227,568,1919,3954.07312296778
Medford,8,2,1086,358,1556,3206.1166124741353
Medway,-,1,1047,784,1910,3383.9567321377745
Medway,-,2,916,592,1587,2811.6959863364646
Medway,-,3,987,612,1699,3010.1269570167947
Medway,-,4,1021,714,1830,3242.2203245089668
Melrose,1,1,750,343,1157,2037.9122362869196
Melrose,1,2,687,286,1022,1800.1264524505032
Melrose,2,1,756,409,1230,2166.4926971762416
Melrose,2,2,690,346,1113,1960.4116845180135
Melrose,3,1,733,354,1163,2048.480493346316
Melrose,3,2,685,317,1064,1874.1042518662773
Melrose,4,1,646,295,1008,1775.4671859785783
Melrose,4,2,621,508,1191,2097.7990262901653
Melrose,5,1,690,318,1067,1879.3883803959752
Melrose,5,2,721,294,1089,1918.1386562804284
Melrose,6,1,609,280,934,1645.1253489126907
Melrose,6,2,697,391,1152,2029.1053554040896
Melrose,7,1,617,315,996,1754.3306718597858
Melrose,7,2,717,439,1219,2147.1175592340146
Mendon,-,1,1670,1372,3248,5286.0
Merrimac,-,1,1989,1379,3581,6138.0
Methuen,-,1,1046,608,1782,3696.6221990620115
Methuen,-,2,769,140,1007,2088.9441944194423
Methuen,-,3,1045,630,1773,3677.9523899758397
Methuen,-,4,1008,594,1723,3574.2312283859965
Methuen,-,5,996,430,1540,3194.6117769671705
Methuen,-,6,990,554,1637,3395.830830451466
Methuen,-,7,1151,651,1917,3976.6693353545884
Methuen,-,8,964,876,1960,4065.8695343218533
Methuen,-,9,1104,799,2019,4188.260504997868
Methuen,-,10,1019,556,1701,3528.593917286465
Methuen,-,11,1075,827,2042,4235.972239329196
Methuen,-,12,1112,761,2008,4165.441849448102
Middleborough,-,1,1442,1274,2899,5049.241587273839
Middleborough,-,2,894,570,1569,2732.7561401975354
Middleborough,-,3,1031,837,2019,3516.5294117647063
Middleborough,-,4,689,450,1263,2199.790315531859
Middleborough,-,5,1036,913,2096,3650.6417271217547
Middleborough,-,6,794,643,1595,2778.0408181103053
Middlefield,-,1,194,80,300,542.0
Middleton,-,1,1233,1023,2392,4240.7619047619055
Middleton,-,2,1035,820,1976,3503.2380952380954
Milford,-,1,833,429,1353,2925.5322736808134
Milford,-,2,1129,568,1811,3915.8454897531064
Milford,-,3,991,484,1580,3416.364369856382
Milford,-,4,938,423,1477,3193.6520090366307
Milford,-,5,1240,738,2118,4579.658060351783
Milford,-,6,1155,604,1884,4073.6901726641927
Milford,-,7,1234,801,2171,4694.2576246570925
Millbury,-,1,938,508,1565,2999.9940020992653
Millbury,-,2,1097,815,2001,3835.7750787224472
Millbury,-,3,819,588,1514,2902.2306192832507
Millbury,-,4,958,527,1589,3046.0002998950367
Millis,-,1,817,504,1403,2405.92578125
Millis,-,2,841,571,1509,2587.69921875
Millis,-,3,965,616,1696,2908.375
Millville,-,1,873,565,1547,2724.0
Milton,-,1,1012,140,1208,2019.2993393624527
Milton,-,2,1044,310,1425,2382.037714065807
Milton,-,3,959,389,1434,2397.082162786223
Milton,-,4,925,338,1347,2251.652491822205
Milton,-,5,736,409,1223,2044.3734205631454
Milton,-,6,863,561,1534,2564.2427041241745
Milton,-,7,834,474,1397,2335.232762491181
Milton,-,8,877,530,1517,2535.8254120967226
Milton,-,9,764,603,1455,2432.1858764671924
Milton,-,10,871,581,1560,2607.704444872041
Milton,-,11,1069,341,1491,2492.3636713488554
Monroe,-,1,38,21,60,93.0
Monson,-,A,803,454,1362,2529.9906666666666
Monson,-,B,889,562,1594,2960.9435555555556
Monson,-,C,901,511,1544,2868.0657777777774
Montague,-,1,759,138,962,1862.3530216647662
Montague,-,2,552,129,741,1434.515165336374
Montague,-,3,581,148,779,1508.0800456100344
Montague,-,4,563,154,754,1459.6820980615735
Montague,-,5,383,48,487,942.7920182440137
Montague,-,6,492,124,662,1281.5776510832384
Monterey,-,1,445,103,587,934.0
Montgomery,-,1,232,223,515,654.0
Mount Washington,-,1,93,20,118,130.0
Nahant,-,1,1464,697,2314,3632.0
Nantucket,-,1,3991,1717,6081,9520.0
Natick,-,1,976,324,1387,2457.713577526852
Natick,-,2,1148,574,1812,3210.7981272376755
Natick,-,3,1194,561,1858,3292.308454971082
Natick,-,4,1035,423,1587,2812.1063068025337
Natick,-,5,1076,582,1792,3175.3588543101073
Natick,-,6,1146,590,1870,3313.5720187276233
Natick,-,7,1310,580,2011,3563.4188928669787
Natick,-,8,1136,459,1725,3056.637290002754
Natick,-,9,1178,592,1894,3356.0991462407046
Natick,-,10,1310,739,2219,3931.9873313136877
Needham,-,A,1042,440,1588,2649.4757729580065
Needham,-,B,1055,525,1676,2796.298107983387
Needham,-,C,1062,482,1630,2719.55006922012
Needham,-,D,1078,493,1636,2729.5606829718504
Needham,-,E,1185,557,1841,3071.589986155976
Needham,-,F,1234,502,1829,3051.568758652515
Needham,-,G,1169,540,1794,2993.17351176742
Needham,-,H,1182,594,1869,3118.306183664052
Needham,-,I,1278,525,1888,3150.0064605445314
Needham,-,J,1067,444,1585,2644.4704660821412
New Ashford,-,1,102,33,145,247.0
New Bedford,1,A,732,258,1080,2950.1395403035513
New Bedford,1,B,877,303,1251,3417.24496751828
New Bedford,1,C,631,220,930,2540.3979374836135
New Bedford,1,D,869,261,1206,3294.322486672299
New Bedford,1,E,878,212,1172,3201.4477233664466
New Bedford,1,F,726,285,1083,2958.33437235995
New Bedford,1,G,743,252,1070,2922.823433448889
New Bedford,2,A,248,48,334,912.3579689457279
New Bedford,2,B,460,86,601,1641.698021965217
New Bedford,2,C,523,92,675,1843.8372126897195
New Bedford,2,D,550,139,743,2029.5867393014246
New Bedford,2,E,676,161,895,2444.7915634922947
New Bedford,2,F,536,82,671,1832.9107699478543
New Bedford,2,G,672,172,910,2485.7657237742883
New Bedford,3,A,281,48,351,958.7953505986541
New Bedford,3,B,499,110,653,1783.741777609462
New Bedford,3,C,399,104,556,1518.7755411192354
New Bedford,3,D,456,84,592,1617.1135257960207
New Bedford,3,E,677,216,957,2614.1514259912024
New Bedford,3,F,703,182,951,2597.7617618784047
New Bedford,3,G,652,160,884,2414.743845952166
New Bedford,4,A,532,49,651,1778.2785562385293
New Bedford,4,B,621,58,734,2005.0022431322284
New Bedford,4,C,724,111,925,2526.7398840562823
New Bedford,4,D,535,91,689,1882.079762286247
New Bedford,4,E,625,122,816,2228.994319340461
New Bedford,4,F,608,137,817,2231.725930025927
New Bedford,4,G,750,85,885,2417.4754566376323
New Bedford,5,A,481,71,596,1628.0399685378854
New Bedford,5,B,670,145,881,2406.549013895767
New Bedford,5,C,567,106,752,2054.171235470621
New Bedford,5,D,786,175,1043,2849.0699449412996
New Bedford,5,E,759,189,1005,2745.2687388935824
New Bedford,5,F,809,254,1143,3122.231013487925
New Bedford,5,G,847,295,1232,3365.344364494421
New Bedford,6,A,678,230,990,2704.2945786115883
New Bedford,6,B,667,191,916,2502.155387887086
New Bedford,6,C,366,45,462,1262.004136685408
New Bedford,6,D,318,67,427,1166.3977626940891
New Bedford,6,E,390,54,506,1382.195006845923
New Bedford,6,F,546,124,740,2021.3919072450255
New Bedford,6,G,438,63,552,1507.8490983773704
New Braintree,-,1,322,195,554,927.0
New Marlborough,-,1,602,173,838,1494.0
New Salem,-,1,401,176,618,929.0
Newbury,-,1,1250,803,2193,3402.7214137214137
Newbury,-,2,1120,904,2136,3314.2785862785863
Newburyport,1,P,264,174,460,722.4908625730994
Newburyport,1,1,925,357,1355,2128.20677997076
Newburyport,2,1,1322,428,1847,2900.9578764619882
Newburyport,3,1,1204,534,1836,2883.6809210526317
Newburyport,4,1,1108,545,1739,2731.329586988304
Newburyport,5,1,965,637,1698,2666.933662280702
Newburyport,6,1,1174,725,2009,3155.4003106725145
Newton,1,1,858,314,1285,2408.771578711986
Newton,1,2,1082,243,1414,2650.5860017889086
Newton,1,3,977,213,1272,2384.4026833631483
Newton,1,4,743,294,1116,2091.9759391771017
Newton,2,1,1267,437,1809,3391.02551431127
Newton,2,2,1135,256,1466,2748.061583184258
Newton,2,3,1719,336,2147,4024.6167933810375
Newton,3,1,1013,353,1438,2695.5747316636853
Newton,3,2,1153,261,1487,2787.426721824687
Newton,3,3,954,333,1378,2583.102906976744
Newton,3,4,947,339,1370,2568.106663685152
Newton,4,1,1023,322,1434,2688.076610017889
Newton,4,2,1096,205,1362,2553.11042039356
Newton,4,3,1043,260,1386,2598.0991502683364
Newton,4,4,937,296,1337,2506.247160107335
Newton,5,1,904,244,1227,2300.0488148479426
Newton,5,2,1333,252,1673,3136.0893783542037
Newton,5,3,1257,266,1614,3025.4920840787117
Newton,5,4,1262,250,1592,2984.2524150268337
Newton,6,1,1428,322,1869,3503.497338998211
Newton,6,2,1215,243,1539,2884.9023032200357
Newton,6,3,1305,211,1577,2956.1344588550983
Newton,6,4,1349,293,1723,3229.815898926655
Newton,7,1,885,319,1286,2410.6461091234346
Newton,7,2,1247,277,1604,3006.746779964222
Newton,7,3,496,129,663,1242.8136627906977
Newton,7,4,744,211,1009,1891.4011851520572
Newton,8,1,1109,402,1606,3010.49584078712
Newton,8,2,873,281,1233,2311.295997316637
Newton,8,3,1145,361,1583,2967.3816413237923
Newton,8,4,895,254,1221,2288.8016323792485
Norfolk,-,1,817,773,1678,3270.3335196571643
Norfolk,-,2,889,675,1673,3260.588783305385
Norfolk,-,3,760,658,1504,2931.2166946152415
Norfolk,-,4,242,235,512,997.8610024222098
North Adams,1,1,957,166,1181,2914.973268325488
North Adams,2,2,1024,181,1290,3184.0097511768663
North Adams,3,3,821,119,1007,2485.502185608608
North Adams,4,4,1069,231,1382,3411.086415601883
North Adams,5,5,893,116,1088,2685.428379287155
North Andover,-,1,1055,596,1736,3135.219227194264
North Andover,-,2,998,681,1772,3200.235294117647
North Andover,-,3,1164,672,1957,3534.3456380294783
North Andover,-,4,1148,893,2136,3857.619970787412
North Andover,-,5,560,344,946,1708.4777585977956
North Andover,-,6,1035,1057,2217,4003.906121365025
North Andover,-,7,1230,913,2256,4074.3401938653565
North Andover,-,8,1066,885,2042,3687.8557960430226
North Attleborough,-,1,615,330,1027,1951.6810894069872
North Attleborough,-,2,830,457,1392,2645.3165301407266
North Attleborough,-,3,1089,897,2131,4049.690751242736
North Attleborough,-,4,751,397,1254,2383.0653224112584
North Attleborough,-,5,732,474,1313,2495.1872155709584
North Attleborough,-,6,870,657,1639,3114.7081845550656
North Attleborough,-,7,982,695,1799,3418.7675558356086
North Attleborough,-,8,1111,790,2034,3865.3547574039067
North Attleborough,-,9,937,643,1694,3219.228593432752
North Brookfield,-,1,1231,974,2398,4683.0
North Reading,-,1,1189,1044,2332,3814.1706855791963
North Reading,-,2,1079,746,1925,3148.4899527186762
North Reading,-,3,1119,762,2000,3271.1583924349884
North Reading,-,4,1248,843,2203,3603.1809692671395
Northampton,1,A,796,101,983,1743.184260449177
Northampton,1,B,1085,219,1391,2466.703261734288
Northampton,2,A,826,64,957,1697.0776574261063
Northampton,2,B,727,52,824,1461.2246496542439
Northampton,3,A,1022,114,1243,2204.250290679885
Northampton,3,B,1013,85,1201,2129.770393488771
Northampton,4,A,787,56,912,1617.2777675784835
Northampton,4,B,1107,143,1340,2376.2633865736493
Northampton,5,A,947,135,1154,2046.4238418701425
Northampton,5,B,952,139,1182,2096.0771066642187
Northampton,6,A,898,251,1231,2182.9703200538524
Northampton,6,B,1062,289,1427,2530.543173612386
Northampton,7,A,883,173,1153,2044.6505109846398
Northampton,7,B,1015,241,1343,2381.5833792301573
Northborough,-,1,1136,774,1999,3437.47539575408
Northborough,-,2,1077,788,1978,3401.363848324948
Northborough,-,3,1125,812,2056,3535.492453061725
Northborough,-,4,1154,842,2116,3638.6683028592465
Northbridge,-,1,1055,803,2004,3469.038476690742
Northbridge,-,2,1046,908,2090,3617.909389363099
Northbridge,-,3,695,553,1329,2300.5749179251475
Northbridge,-,4,968,1093,2192,3794.4772160210114
Northfield,-,1,1239,410,1745,2951.0
Norton,-,1,1093,715,1951,3925.9439919669753
Norton,-,2,1162,824,2103,4231.809438803972
Norton,-,3,1013,602,1744,3509.4035479192235
Norton,-,4,1141,757,2011,4046.6803525605264
Norton,-,5,623,446,1154,2322.162668749303
Norwell,-,1,1071,836,2007,3089.2741172761666
Norwell,-,2,1063,1020,2182,3358.6428121059266
Norwell,-,3,1066,1004,2155,3317.0830706179067
Norwood,-,1,974,527,1619,3210.2623985572586
Norwood,-,2,955,496,1560,3093.273219116321
Norwood,-,3,948,515,1550,3073.4445446348063
Norwood,-,4,1095,701,1936,3838.83137962128
Norwood,-,5,637,280,975,1933.2957619477004
Norwood,-,6,897,460,1455,2885.0721370604147
Norwood,-,7,1010,551,1659,3289.577096483318
Norwood,-,8,1140,519,1774,3517.6068530207394
Norwood,-,9,1068,705,1889,3745.6366095581607
Oak Bluffs,-,1,1871,661,2688,3713.0
Oakham,-,1,555,498,1130,1673.0
Orange,-,1,955,592,1687,3744.5721877767937
Orange,-,2,994,574,1700,3773.427812223206
Orleans,-,1,1223,1034,2356,3203.1295025728987
Orleans,-,2,1253,951,2308,3137.8704974271013
Otis,-,1,517,267,859,1365.0
Oxford,-,1,945,651,1723,3533.3275994470896
Oxford,-,2,872,563,1547,3172.4073107049608
Oxford,-,3,945,608,1681,3447.198894179082
Oxford,-,4,876,569,1560,3199.066195668868
Palmer,-,1,935,480,1540,3242.146226415094
Palmer,-,2,947,591,1697,3572.6767183288407
Palmer,-,3,791,363,1269,2671.612702156334
Palmer,-,4,877,433,1430,3010.5643530997304
Paxton,-,1,1383,1014,2596,4386.0
Peabody,1,1,986,478,1536,2796.1810824098934
Peabody,1,2,1151,595,1850,3367.796225558791
Peabody,1,3,994,484,1575,2867.1778677054576
Peabody,2,1,623,213,906,1649.3099353277107
Peabody,2,2,663,243,960,1747.6131765061837
Peabody,2,3,788,360,1228,2235.48852161416
Peabody,3,1,680,178,923,1680.2572519950077
Peabody,3,2,864,268,1209,2200.900344162475
Peabody,3,3,859,379,1317,2397.5068265194204
Peabody,4,1,879,443,1414,2574.0885745622327
Peabody,4,2,869,422,1371,2495.8100676978934
Peabody,4,3,1075,538,1697,3089.2703755531184
Peabody,4,3A,863,568,1499,2728.825157898718
Peabody,5,1,924,472,1466,2668.750954956318
Peabody,5,2,801,453,1334,2428.454143186718
Peabody,5,3,917,572,1569,2856.255285352294
Peabody,6,1,844,581,1500,2730.6455882909117
Peabody,6,2,894,553,1534,2792.5402216255056
Peabody,6,3,859,603,1553,2827.128399077191
Pelham,-,1,753,99,897,1403.0
Pembroke,-,1,1139,915,2160,3820.514106583072
Pembroke,-,2,950,752,1807,3196.143051201672
Pembroke,-,3,1022,723,1855,3281.0433646812958
Pembroke,-,4,1082,793,1965,3475.6065830721
Pembroke,-,5,937,744,1783,3153.6928944618603
Pepperell,-,1,1007,985,2122,3731.5852272727275
Pepperell,-,2,1049,967,2141,3764.997159090909
Pepperell,-,3,1025,923,2073,3645.4176136363635
Peru,-,1,318,111,469,821.0
Petersham,-,1,455,324,823,1180.0
Phillipston,-,1,543,344,964,1621.0
Pittsfield,1,A,1023,198,1321,2917.1313594058925
Pittsfield,1,B,1322,294,1719,3796.024834836283
Pittsfield,2,A,590,80,723,1596.582871196412
Pittsfield,2,B,1158,229,1493,3296.9546703959104
Pittsfield,3,A,1211,221,1511,3336.703621546029
Pittsfield,3,B,1427,301,1845,4074.26749288711
Pittsfield,4,A,1388,379,1865,4118.432994165019
Pittsfield,4,B,1447,475,2030,4482.798379707769
Pittsfield,5,A,1138,224,1473,3252.7891691180016
Pittsfield,5,B,1036,210,1357,2996.629261706129
Pittsfield,6,A,1337,306,1738,3837.982061050296
Pittsfield,6,B,828,191,1100,2429.102570284998
Pittsfield,7,A,770,152,1008,2225.9412644066165
Pittsfield,7,B,1194,242,1554,3431.659449293533
Plainfield,-,1,285,79,395,589.0
Plainville,-,1,1063,751,1946,3479.4316965324647
Plainville,-,2,1304,881,2351,4203.568303467536
Plymouth,-,1,953,481,1523,2711.3605936434697
Plymouth,-,2,1239,653,2016,3589.036741159051
Plymouth,-,3,1009,508,1613,2871.585448159499
Plymouth,-,4,1146,701,1977,3519.6059708687712
Plymouth,-,5,1602,1290,3013,5363.972073964395
Plymouth,-,6,1143,750,1982,3528.5073516752177
Plymouth,-,7,1110,767,1971,3508.9243139010364
Plymouth,-,8,1292,1014,2410,4290.465548707
Plymouth,-,9,939,777,1810,3222.2998519334733
Plymouth,-,10,821,514,1415,2519.0907682242346
Plymouth,-,11,1252,866,2216,3945.091973416894
Plymouth,-,12,1088,850,2043,3637.10419751386
Plymouth,-,13,1231,805,2125,3783.0868427395753
Plymouth,-,14,1494,1289,2927,5210.868324093523
Plympton,-,1,845,750,1713,2637.0
Princeton,-,1,1145,930,2241,3353.0
Provincetown,-,1,2002,247,2379,3431.0
Quincy,1,1,837,538,1461,3226.0008779631253
Quincy,1,2,560,173,817,1803.9991220368745
Quincy,1,3,674,275,1050,2318.4811237928006
Quincy,1,4,1055,540,1700,3753.731343283582
Quincy,1,5,1021,504,1651,3645.535557506585
Quincy,2,1,771,306,1170,2583.4503950834064
Quincy,2,2,1209,542,1885,4162.225636523266
Quincy,2,3,653,255,978,2159.4995610184374
Quincy,2,4,749,314,1139,2515.0
Quincy,2,5,940,423,1462,3228.208955223881
Quincy,3,1,1102,506,1720,3797.892888498683
Quincy,3,2,792,404,1287,2841.7954345917474
Quincy,3,3,756,353,1204,2658.525021949078
Quincy,3,4,878,537,1514,3343.028972783143
Quincy,3,5,569,236,878,1938.6918349429325
Quincy,4,1,882,426,1393,3075.8516242317824
Quincy,4,2,839,448,1370,3025.0658472344167
Quincy,4,3,941,574,1615,3566.044776119403
Quincy,4,4,667,268,1000,2208.077260755048
Quincy,4,5,667,270,1028,2269.9034240561896
Quincy,5,1,949,424,1516,3347.445127304653
Quincy,5,2,799,342,1257,2775.5531167690956
Quincy,5,3,769,363,1193,2634.2361720807726
Quincy,5,4,696,447,1219,2691.6461808604035
Quincy,5,5,791,464,1349,2978.69622475856
Quincy,6,1,735,338,1149,2537.0807726075504
Quincy,6,2,659,247,995,2197.036874451273
Quincy,6,3,1107,637,1884,4160.017559262511
Quincy,6,4,762,323,1178,2601.1150131694467
Quincy,6,5,972,715,1803,3981.1633011413523
Randolph,-,1,1388,379,1886,4004.6782334384857
Randolph,-,2,1294,281,1665,3535.413180633658
Randolph,-,3,1253,379,1710,3630.964888218351
Randolph,-,4,1368,368,1831,3887.8928130571935
Randolph,-,5,1317,365,1783,3785.970991633521
Randolph,-,6,1244,454,1784,3788.0943629131802
Randolph,-,7,1525,304,1930,4098.10656974352
Randolph,-,8,1435,440,1993,4231.878960362091
Raynham,-,1,1310,869,2337,3877.055257207462
Raynham,-,2,1325,992,2464,4087.7467495760316
Raynham,-,3,1259,879,2275,3774.197993216507
Reading,-,1,1009,697,1801,3080.671572871573
Reading,-,2,1004,537,1640,2805.275613275613
Reading,-,3,961,523,1591,2721.4594516594516
Reading,-,4,1082,653,1816,3106.3295815295814
Reading,-,5,947,554,1602,2740.2753246753246
Reading,-,6,1125,696,1921,3285.9356421356424
Reading,-,7,1032,606,1749,2991.7238095238095
Reading,-,8,964,689,1740,2976.3290043290044
Rehoboth,-,1,1058,809,2056,3319.6241269841266
Rehoboth,-,2,1233,798,2179,3518.220317460318
Rehoboth,-,3,1223,696,2065,3334.1555555555556
Revere,1,1,742,239,1063,2967.9447464838668
Revere,1,2,626,220,929,2593.810601583737
Revere,1,3,644,215,949,2649.65151873301
Revere,2,1,424,116,599,1672.4354686207305
Revere,2,2,384,102,539,1504.9127171729108
Revere,2,3,192,38,274,765.020564945042
Revere,2,3A,92,25,130,362.9659614702754
Revere,3,1,577,234,881,2459.792400425482
Revere,3,2,572,180,840,2345.3185202694717
Revere,3,3,593,220,896,2501.6730882874367
Revere,4,1,694,271,1054,2942.8163337666942
Revere,4,2,611,242,944,2635.691289445692
Revere,4,3,722,299,1143,3191.3084150809595
Revere,5,1,544,282,893,2493.2969507150456
Revere,5,1A,349,110,493,1376.4786077295828
Revere,5,2,354,142,552,1541.2093133199385
Revere,5,2A,305,75,418,1167.0751684198085
Revere,5,3,615,227,918,2563.098097151637
Revere,6,1,658,301,1077,3007.033388488358
Revere,6,2,605,304,1001,2794.8379033211204
Revere,6,3,918,293,1329,3710.6289445692
Richmond,-,1,746,168,975,1604.0
Rochester,-,1,1583,1334,3123,4581.0
Rockland,-,1,871,514,1466,2994.3613455091895
Rockland,-,2,1008,618,1729,3531.5489538781644
Rockland,-,3,639,398,1113,2273.3452780025427
Rockland,-,4,722,468,1266,2585.853658536585
Rockland,-,5,872,568,1530,3125.083805340423
Rockland,-,6,838,623,1547,3159.8069587330947
Rockport,-,1,798,336,1207,2001.0179295624334
Rockport,-,2,1079,431,1618,2682.3918890074706
Rockport,-,3,1169,578,1860,3083.590181430096
Rowe,-,1,162,84,264,351.0
Rowley,-,1,1752,1517,3449,5500.0
Royalston,-,1,243,135,424,765.0302158273381
Royalston,-,2,156,92,271,488.96978417266183
Russell,-,1,435,302,816,1657.0
Rutland,-,1,1072,935,2122,3205.1987636709464
Rutland,-,2,1060,917,2084,3147.801236329054
Salem,1,1,1205,468,1782,3727.2915717539863
Salem,1,2,632,55,734,1535.2592669289706
Salem,2,1,1131,356,1573,3290.140091116173
Salem,2,2,963,258,1295,2708.6658728515217
Salem,3,1,1097,322,1524,3187.650031062332
Salem,3,2,1133,454,1676,3505.578380617105
Salem,4,1,909,351,1348,2819.5224684199625
Salem,4,2,923,451,1439,3009.8611513770966
Salem,5,1,886,277,1233,2578.9845723752333
Salem,5,2,802,217,1098,2296.6139987575066
Salem,6,1,900,322,1322,2765.139987575067
Salem,6,2,908,329,1323,2767.231621453717
Salem,7,1,890,265,1245,2604.084178919031
Salem,7,2,1161,475,1724,3605.9768067922964
Salisbury,-,1,1227,769,2133,3954.284936049266
Salisbury,-,2,1255,704,2089,3872.7150639507345
Sandisfield,-,1,301,105,448,824.0
Sandwich,-,1,1025,740,1867,3005.589382795011
Sandwich,-,2,975,905,2009,3234.188039654621
Sandwich,-,3,900,899,1912,3078.032619123761
Sandwich,-,4,913,854,1849,2976.6120882635114
Sandwich,-,5,840,797,1754,2823.67636712504
Sandwich,-,6,747,699,1518,2443.7518388231533
Sandwich,-,7,745,755,1599,2574.1496642149027
Saugus,-,1,777,466,1317,2543.3002073459716
Saugus,-,2,742,404,1222,2359.842713270142
Saugus,-,3,763,450,1297,2504.677577014218
Saugus,-,4,870,592,1561,3014.496297393365
Saugus,-,5,859,586,1535,2964.2868779620853
Saugus,-,6,728,434,1239,2392.6719490521327
Saugus,-,7,764,544,1402,2707.446386255924
Saugus,-,8,826,451,1360,2626.3388625592415
Saugus,-,9,760,502,1358,2622.4765995260664
Saugus,-,10,763,371,1213,2342.4625296208533
Savoy,-,1,279,73,404,705.0
Scituate,-,1,1054,834,1992,3167.4466797222717
Scituate,-,2,1021,885,2004,3186.5276838169843
Scituate,-,3,961,729,1782,2833.529108064803
Scituate,-,4,1005,840,1946,3094.3028306925407
Scituate,-,5,989,699,1780,2830.348940715685
Scituate,-,6,963,664,1730,2750.844756987716
Seekonk,-,1,1158,557,1883,3407.8289296306284
Seekonk,-,2,1198,605,1977,3577.948908061472
Seekonk,-,3,1185,491,1841,3331.8178754381233
Seekonk,-,4,1084,499,1717,3107.404286869776
Sharon,-,1,1421,451,2029,3471.676036956949
Sharon,-,2,1373,517,1984,3394.679771967761
Sharon,-,3,1442,501,2068,3538.4061332809124
Sharon,-,4,1371,517,2021,3457.9878120699823
Sharon,-,5,1375,554,2072,3545.2502457243954
Sheffield,-,1,1383,374,1905,3335.0
Shelburne,-,1,887,224,1212,2058.0
Sherborn,-,1,1561,1016,2705,4200.0
Shirley,-,1,1663,1290,3144,6373.0
Shrewsbury,-,1,1124,818,2038,3608.136743507768
Shrewsbury,-,2,1124,587,1832,3243.4281227214087
Shrewsbury,-,3,963,455,1508,2669.8087385719896
Shrewsbury,-,4,1236,714,2057,3641.7749172696167
Shrewsbury,-,5,1114,684,1900,3363.8173761848675
Shrewsbury,-,6,1184,615,1910,3381.5216781647878
Shrewsbury,-,7,1162,972,2268,4015.335689045936
Shrewsbury,-,8,1324,915,2358,4174.67440686522
Shrewsbury,-,9,1141,723,1958,3466.5023276684055
Shutesbury,-,1,1019,133,1232,1810.0
Somerset,-,1,1470,571,2232,3950.1395709987382
Somerset,-,2,1455,563,2189,3874.0392118800346
Somerset,-,3,1409,490,2085,3689.982529360381
Somerset,-,4,1311,427,1888,3341.336698049112
Somerset,-,5,1322,437,1909,3378.501989711734
Somerville,1,1,771,153,991,2322.394906385167
Somerville,1,2,907,198,1191,2791.092162971477
Somerville,1,3,713,144,934,2188.8161882580685
Somerville,2,1,1221,134,1455,3409.772541665406
Somerville,2,2,1462,170,1762,4129.222830525392
Somerville,2,3,1518,213,1869,4379.975862799069
Somerville,3,1,1292,188,1614,3782.386860651523
Somerville,3,2,1304,228,1646,3857.3784217053326
Somerville,3,3,1486,226,1832,4293.266870330601
Somerville,4,1,824,177,1087,2547.3695895465958
Somerville,4,2,886,156,1165,2730.1615196152566
Somerville,4,3,1020,209,1331,3119.180242581894
Somerville,5,1,1384,235,1752,4105.787967696077
Somerville,5,2,1301,245,1663,3897.217688515169
Somerville,5,3,1648,247,2035,4768.994585765706
Somerville,6,1,1771,249,2150,5038.495508302834
Somerville,6,2,1708,233,2066,4841.642660536584
Somerville,6,3,961,149,1195,2800.466108103203
Somerville,7,1,1630,267,2040,4780.712017180364
Somerville,7,2,1319,218,1663,3897.217688515169
Somerville,7,3,1234,269,1620,3796.447778349112
South Hadley,-,A,1084,421,1635,3086.2195389681665
South Hadley,-,B,1333,643,2104,3971.5020856201977
South Hadley,-,C,1260,653,2055,3879.0098792535678
South Hadley,-,D,793,357,1234,2329.293523600439
South Hadley,-,E,1293,656,2082,3929.974972557629
Southampton,-,1,1919,1245,3428,5387.0
Southborough,-,1,1186,767,2052,3143.5122121423587
Southborough,-,2,987,760,1828,2800.3607815771106
Southborough,-,3,1054,700,1852,2837.1270062805306
Southbridge,-,1,858,315,1308,3196.466780238501
Southbridge,-,2,831,266,1200,2932.5383304940374
Southbridge,-,3,1022,394,1563,3819.631175468484
Southbridge,-,4,1176,589,1897,4635.8543441226575
Southbridge,-,5,756,202,1076,2629.5093696763206
Southwick,-,1,837,864,1834,3310.8684102983243
Southwick,-,2,691,473,1272,2296.30568042501
Southwick,-,3,905,749,1788,3227.8259092766652
Spencer,-,1,813,525,1455,3000.6006350326334
Spencer,-,2,671,457,1223,2522.154348209561
Spencer,-,3,811,575,1491,3074.8423002293175
Spencer,-,4,843,566,1500,3093.402716528488
Springfield,1,A,566,29,696,2030.833483624643
Springfield,1,B,462,31,548,1598.989581934345
Springfield,1,C,354,25,469,1368.4783100861457
Springfield,1,D,611,64,793,2313.8663110838243
Springfield,1,E,355,26,441,1286.7781124690625
Springfield,1,F,498,46,654,1908.2831871990177
Springfield,1,G,532,64,675,1969.55833541183
Springfield,1,H,451,35,571,1666.1004585483777
Springfield,2,A,599,80,763,2226.3303850655207
Springfield,2,B,741,189,1017,2967.467892020491
Springfield,2,C,652,104,838,2445.17020011128
Springfield,2,D,716,150,952,2777.806718980833
Springfield,2,E,745,192,1038,3028.7430402333034
Springfield,2,F,619,126,865,2523.952533527753
Springfield,2,G,738,225,1082,3157.1290650601486
Springfield,2,H,679,158,930,2713.6137065674106
Springfield,3,A,423,52,556,1622.332495539226
Springfield,3,B,373,34,464,1353.888989083095
Springfield,3,C,291,42,385,1123.3777172348957
Springfield,3,D,415,30,490,1429.753458298958
Springfield,3,E,433,34,540,1575.646668329464
Springfield,3,F,408,94,567,1654.4290017459373
Springfield,3,G,375,43,476,1388.9033594904165
Springfield,3,H,448,71,596,1739.0470635636307
Springfield,4,A,628,59,749,2185.480286256979
Springfield,4,B,695,29,808,2357.634274092976
Springfield,4,C,578,25,661,1928.7082366032885
Springfield,4,D,591,13,647,1887.8581377947469
Springfield,4,E,554,21,634,1849.9259031868153
Springfield,4,F,272,16,309,901.6200379885267
Springfield,4,G,724,20,819,2389.730780299687
Springfield,4,H,671,20,753,2197.1517430594195
Springfield,5,A,647,41,742,2165.0552368527083
Springfield,5,B,745,111,923,2693.1886571631394
Springfield,5,C,639,126,861,2512.2810767253122
Springfield,5,D,609,279,977,2850.753323996086
Springfield,5,E,984,158,1236,3606.480151954107
Springfield,5,F,814,183,1075,3136.704015655878
Springfield,5,G,708,311,1133,3305.9401392912646
Springfield,5,H,758,307,1197,3492.6834481303117
Springfield,6,A,402,90,556,1622.332495539226
Springfield,6,B,716,211,1038,3028.7430402333034
Springfield,6,C,647,177,954,2783.6424473820534
Springfield,6,D,728,270,1103,3218.404213272961
Springfield,6,E,491,124,693,2022.0798910228123
Springfield,6,F,574,115,749,2185.480286256979
Springfield,6,G,657,154,905,2640.6671015521574
Springfield,6,H,632,245,971,2833.246138792425
Springfield,7,A,691,285,1091,3183.38984286564
Springfield,7,B,860,365,1332,3886.595115212678
Springfield,7,C,769,357,1234,3600.6444235528866
Springfield,7,D,711,285,1095,3195.06129966808
Springfield,7,E,617,133,834,2433.4987433088395
Springfield,7,F,732,332,1167,3405.1475221120086
Springfield,7,G,725,379,1219,3556.876460543735
Springfield,7,H,419,140,621,1811.993668578884
Springfield,8,A,607,176,850,2480.184570518601
Springfield,8,B,662,130,887,2588.1455459411754
Springfield,8,C,712,123,932,2719.4494349686306
Springfield,8,D,477,84,633,1847.0080389862053
Springfield,8,E,446,84,591,1724.45774256058
Springfield,8,F,656,151,890,2596.899138543006
Springfield,8,G,760,189,1062,3098.771781047946
Springfield,8,H,619,89,784,2287.605533278333
Sterling,-,1,1062,1018,2217,3412.9760288502334
Sterling,-,2,1199,1158,2497,3844.0239711497666
Stockbridge,-,1,989,203,1253,2276.0
Stoneham,-,1,1031,497,1628,2975.6936492267196
Stoneham,-,2,1080,540,1733,3167.6149226719313
Stoneham,-,3,1162,677,1952,3567.9078644290885
Stoneham,-,4,961,606,1646,3008.594438960184
Stoneham,-,5,1044,634,1791,3273.6285784797633
Stoneham,-,6,1016,648,1762,3220.621750575847
Stoneham,-,7,1006,532,1644,3004.938795656466
Stoughton,-,1,1162,553,1817,3617.610222939278
Stoughton,-,2,1069,543,1711,3406.5663684364913
Stoughton,-,3,1100,534,1728,3440.413024347316
Stoughton,-,4,1335,768,2224,4427.938985039601
Stoughton,-,5,927,454,1491,2968.550821355236
Stoughton,-,6,1269,545,1903,3788.83448225286
Stoughton,-,7,1124,476,1688,3360.773833968906
Stoughton,-,8,733,257,1074,2138.312261660311
Stow,-,1,2322,1472,4024,5902.0
Sturbridge,-,1,1373,893,2430,3656.664746543779
Sturbridge,-,2,1418,1191,2778,4180.335253456222
Sudbury,-,1,1324,786,2208,3600.748329621381
Sudbury,-,2,1257,613,1962,3199.577999418999
Sudbury,-,3,1249,718,2061,3361.0245957199577
Sudbury,-,4,1346,621,2058,3356.132274619928
Sudbury,-,5,1285,667,2038,3323.5168006197346
Sunderland,-,1,1400,348,1880,3777.0
Sutton,-,1,853,886,1837,2873.5779294653016
Sutton,-,2,828,815,1744,2728.100113765643
Sutton,-,3,862,711,1693,2648.3219567690558
Swampscott,-,1,1032,427,1525,2683.225491392992
Swampscott,-,2,749,316,1136,1998.7830545720913
Swampscott,-,3,868,345,1275,2243.3524600170917
Swampscott,-,4,909,393,1383,2433.3776095714807
Swampscott,-,5,860,418,1351,2377.0738615553655
Swampscott,-,6,965,486,1521,2676.1875228909776
Swansea,-,1,1153,540,1833,3403.775896298026
Swansea,-,2,1099,460,1670,3101.0942426719607
Swansea,-,3,1058,387,1551,2880.11806609833
Swansea,-,4,1116,493,1723,3199.5122036669395
Swansea,-,5,1162,487,1786,3316.4995912647437
Taunton,1,A,842,298,1239,3050.953017772303
Taunton,1,B,1023,510,1648,4058.0876297730074
Taunton,2,A,573,142,785,1933.0089741333802
Taunton,2,B,767,203,1078,2654.5014956888967
Taunton,3,A,873,304,1288,3171.612176667253
Taunton,3,B,1162,495,1769,4356.041879289108
Taunton,4,A,939,456,1490,3669.023403132149
Taunton,4,B,1069,480,1665,4099.948970614112
Taunton,5,A,871,269,1236,3043.5657223297558
Taunton,5,B,718,234,1051,2588.0158367059653
Taunton,6,A,776,255,1134,2792.397677283125
Taunton,6,B,928,351,1376,3388.3061763153264
Taunton,7,A,1051,479,1659,4085.1743797290164
Taunton,7,B,1125,626,1908,4698.319901460496
Taunton,8,A,1024,525,1649,4060.5500615871897
Taunton,8,B,1066,573,1757,4326.4926975189155
Templeton,-,A,1135,831,2086,3780.041044776119
Templeton,-,B,954,598,1666,3018.958955223881
Tewksbury,-,1,1109,858,2107,3860.0678902578434
Tewksbury,-,1A,1024,704,1853,3394.734599263305
Tewksbury,-,2,1065,680,1847,3383.742474279182
Tewksbury,-,2A,1019,706,1844,3378.2464117871205
Tewksbury,-,3,1157,937,2244,4111.054744061984
Tewksbury,-,3A,1083,853,2064,3781.2909945382958
Tewksbury,-,4,1015,646,1788,3275.6532452686397
Tewksbury,-,4A,1175,714,1999,3662.2096405436305
Tisbury,-,1,1749,537,2440,3755.0
Tolland,-,1,140,113,276,426.0
Topsfield,-,1,1858,1709,3859,6141.0
Townsend,-,1,759,789,1643,2986.623320158103
Townsend,-,2,888,793,1769,3215.6644268774703
Townsend,-,3,791,765,1648,2995.712252964427
Truro,-,1,1033,332,1446,2087.0
Tyngsborough,-,1,800,608,1506,2708.648920629768
Tyngsborough,-,2,733,602,1425,2562.9646161337446
Tyngsborough,-,3,765,600,1448,2604.3317643239734
Tyngsborough,-,4,911,773,1782,3205.0546989125146
Tyringham,-,1,194,66,280,350.0
Upton,-,1,2176,1717,4135,5642.0
Uxbridge,-,1,859,784,1739,2681.8197401161183
Uxbridge,-,2,1048,732,1894,2920.854852087365
Uxbridge,-,3,926,803,1861,2869.9635056676802
Uxbridge,-,4,909,732,1740,2683.3619021288364
Wakefield,-,1,1225,824,2187,3807.8301277551595
Wakefield,-,2,1001,531,1636,2848.472834479854
Wakefield,-,3,1142,695,1947,3389.9612522813422
Wakefield,-,4,1336,783,2235,3891.4039028499224
Wakefield,-,5,1197,736,2068,3600.636810332725
Wakefield,-,6,1244,704,2067,3598.895690018251
Wakefield,-,7,1246,754,2106,3666.799382282746
Wales,-,1,549,368,1020,1737.0
Walpole,-,1,990,657,1759,2940.125668253387
Walpole,-,2,956,674,1742,2911.710582204321
Walpole,-,3,948,662,1703,2846.5230318564627
Walpole,-,4,1159,737,2016,3369.6949102892713
Walpole,-,5,665,484,1219,2037.5288172830465
Walpole,-,6,949,647,1706,2851.537458806298
Walpole,-,7,925,781,1822,3045.428634199927
Walpole,-,8,856,738,1688,2821.450897107287
Waltham,1,1,1038,543,1697,4118.275845113706
Waltham,1,2,1124,546,1782,4324.5536570374925
Waltham,2,1,1076,487,1672,4057.6059004302397
Waltham,2,2,1047,366,1509,3662.037861094038
Waltham,3,1,1031,635,1769,4293.00528580209
Waltham,3,2,1056,511,1700,4125.556238475722
Waltham,4,1,1062,570,1736,4212.920958819915
Waltham,4,2,409,144,586,1422.1035033804549
Waltham,5,1,985,442,1507,3657.184265519361
Waltham,5,2,767,217,1089,2642.7827904118008
Waltham,6,1,871,290,1267,3074.752796558082
Waltham,6,2,964,352,1430,3470.320835894284
Waltham,7,1,1272,476,1859,4511.417086662569
Waltham,7,2,407,120,566,1373.5675476336817
Waltham,8,1,787,226,1102,2674.3311616472033
Waltham,8,2,952,368,1434,3480.0280270436388
Waltham,9,1,582,148,787,1909.8898586355256
Waltham,9,2,666,187,913,2215.6663798401964
Ware,-,A,902,317,1326,2825.7918770581778
Ware,-,B,859,471,1436,3060.209001097695
Ware,-,C,1092,559,1793,3820.999121844127
Wareham,-,1,1148,600,1862,3469.2844053509257
Wareham,-,2,1156,605,1867,3478.600421477002
Wareham,-,3,1030,679,1819,3389.1666666666665
Wareham,-,4,1128,600,1843,3433.8835440718344
Wareham,-,5,1169,733,1993,3713.3640278541325
Wareham,-,6,927,512,1530,2850.700934579439
Warren,-,A,922,660,1715,3495.877080665813
Warren,-,B,362,216,628,1280.1229193341871
Warwick,-,1,325,98,453,750.0
Washington,-,1,260,66,351,544.0
Watertown,-,1,813,264,1160,2361.9604938271605
Watertown,-,2,943,235,1268,2581.867160493827
Watertown,-,3,1096,246,1416,2883.220740740741
Watertown,-,4,979,259,1325,2697.929012345679
Watertown,-,5,1170,303,1563,3182.538148148148
Watertown,-,6,1019,278,1379,2807.8823456790124
Watertown,-,7,1179,379,1639,3337.287283950617
Watertown,-,8,1047,376,1526,3107.19975308642
Watertown,-,9,638,194,890,1812.1938271604938
Watertown,-,10,1017,397,1488,3029.825185185185
Watertown,-,11,831,335,1243,2530.9628395061727
Watertown,-,12,924,298,1303,2653.1332098765433
Wayland,-,1,1323,558,1997,3202.828109696376
Wayland,-,2,1398,554,2057,3299.0572967678745
Wayland,-,3,1292,517,1899,3045.6537708129285
Wayland,-,4,1383,733,2215,3552.4608227228205
Webster,-,1,702,310,1091,2670.9567486950036
Webster,-,2,580,219,871,2132.3586875466067
Webster,-,3,774,421,1298,3177.7285607755407
Webster,-,4,1037,781,1957,4791.07457121551
Webster,-,5,899,477,1488,3642.8814317673377
Wellesley,-,A,1498,696,2318,4235.444505494505
Wellesley,-,B,1521,732,2397,4379.793131868132
Wellesley,-,C,1168,1066,2374,4337.767582417582
Wellesley,-,D,1432,550,2109,3853.5601648351653
Wellesley,-,E,1366,775,2305,4211.690934065934
Wellesley,-,F,1083,643,1842,3365.6983516483515
Wellesley,-,G,856,284,1215,2220.0453296703295
Wellfleet,-,1,1495,591,2213,2749.0
Wendell,-,1,448,58,568,986.0
Wenham,-,1,1199,1040,2345,4440.0
West Boylston,-,1,1048,760,1905,3550.399850523169
West Boylston,-,2,1108,886,2109,3930.600149476831
West Bridgewater,-,1,962,891,2012,3343.5891783567135
West Bridgewater,-,2,1017,828,1980,3290.4108216432865
West Brookfield,-,1,1116,751,2033,3804.0
West Newbury,-,1,1509,1108,2772,4149.0
West Springfield,-,1,510,151,727,1650.4657010334445
West Springfield,-,2,596,204,891,2022.7853364797786
West Springfield,-,3,882,445,1437,3262.3372935145253
West Springfield,-,4,1021,475,1649,3743.628529579298
West Springfield,-,5,1179,759,2100,4767.507527056718
West Springfield,-,6,1069,690,1885,4279.405565953291
West Springfield,-,7,1112,943,2223,5046.747253641468
West Springfield,-,8,878,394,1377,3126.122792741476
West Stockbridge,-,1,709,123,903,1416.0
West Tisbury,-,1,1437,336,1874,2467.0
Westborough,-,1,816,469,1352,2684.7560410460114
Westborough,-,2,940,550,1591,3159.3541873551803
Westborough,-,3,1025,564,1700,3375.8027143330023
Westborough,-,4,1231,851,2190,4348.828202581926
Westborough,-,5,1235,905,2230,4428.25885468388
Westfield,1,A,951,663,1751,3966.874265038444
Westfield,1,B,850,533,1495,3386.9086386250565
Westfield,2,A,614,217,927,2100.1099050203525
Westfield,2,B,797,503,1450,3284.961555857078
Westfield,3,A,578,201,854,1934.7290818634103
Westfield,3,B,885,469,1489,3373.315694255993
Westfield,4,A,539,330,937,2122.764812302126
Westfield,4,B,1045,755,1954,4426.768882858435
Westfield,5,A,891,717,1722,3901.1750339213027
Westfield,5,B,1008,827,1971,4465.282225237449
Westfield,6,A,919,639,1695,3840.0067842605154
Westfield,6,B,797,540,1443,3269.103120759837
Westford,-,1,1053,853,2025,3340.236051502146
Westford,-,2,1119,784,2004,3305.5965665236054
Westford,-,3,1159,893,2163,3567.8669527896996
Westford,-,4,1214,813,2135,3521.680972818312
Westford,-,5,1282,870,2258,3724.5693848354795
Westford,-,6,1077,804,1997,3294.050071530758
Westhampton,-,1,695,326,1114,1468.0
Westminster,-,1,1150,923,2193,3520.9323570432357
Westminster,-,2,1098,890,2109,3386.0676429567643
Weston,-,1,1104,639,1816,3201.6669229586346
Weston,-,2,902,562,1547,2727.411194833154
Weston,-,3,853,604,1530,2697.4396432415806
Weston,-,4,919,606,1610,2838.4822389666306
Westport,-,A,1188,383,1696,2774.4369088811995
Westport,-,B,1223,632,1986,3248.8394463667823
Westport,-,C,996,318,1441,2357.2898500576703
Westport,-,D,1006,410,1562,2555.2302191464823
Westport,-,E,1262,585,1985,3247.2035755478664
Westwood,-,1,1209,907,2236,3597.220740740741
Westwood,-,2,1245,867,2243,3608.482165242165
Westwood,-,3,1268,828,2222,3574.6978917378915
Westwood,-,4,1070,866,2074,3336.5992022792025
Weymouth,-,1,897,455,1427,2758.35574650913
Weymouth,-,2,938,573,1620,3131.419978517723
Weymouth,-,3,995,600,1686,3258.996348012889
Weymouth,-,4,924,620,1631,3152.6827067669174
Weymouth,-,5,827,410,1321,2553.460365198711
Weymouth,-,6,1034,627,1776,3432.9641245972075
Weymouth,-,7,1002,629,1735,3353.7121374865737
Weymouth,-,8,926,440,1463,2827.942857142857
Weymouth,-,9,1010,615,1700,3286.058002148228
Weymouth,-,10,696,379,1159,2240.318367346939
Weymouth,-,11,954,588,1627,3144.950805585392
Weymouth,-,12,982,643,1721,3326.650483351235
Weymouth,-,13,819,397,1283,2480.007303974221
Weymouth,-,14,867,460,1406,2717.7632653061223
Weymouth,-,15,1001,605,1690,3266.7282491944147
Weymouth,-,16,1008,675,1792,3463.891729323308
Weymouth,-,17,804,416,1300,2512.867883995704
Weymouth,-,18,894,624,1593,3079.2296455424275
Whately,-,1,675,246,994,1573.0
Whitman,-,1,1110,681,1911,3659.608497723824
Whitman,-,2,966,710,1763,3376.185128983308
Whitman,-,3,976,698,1789,3425.9757207890743
Whitman,-,4,1002,692,1786,3420.230652503794
Wilbraham,-,A,1181,743,2092,3283.494408201305
Wilbraham,-,B,1126,807,2119,3325.872204100652
Wilbraham,-,C,1061,898,2127,3338.4285880708294
Wilbraham,-,D,1135,915,2246,3525.2047996272136
Williamsburg,-,1,1257,318,1700,2427.0
Williamstown,-,1,1193,332,1582,3565.213483146067
Williamstown,-,2,482,54,560,1262.0224719101125
Williamstown,-,3,1264,243,1596,3596.76404494382
Wilmington,-,1,1085,716,1925,3415.6680783922934
Wilmington,-,2,1088,784,1992,3534.551071250623
Wilmington,-,3,1114,822,2068,3669.4034213585783
Wilmington,-,4,1054,840,2016,3577.136023916293
Wilmington,-,5,1214,802,2144,3804.255771466534
Wilmington,-,6,1054,742,1897,3365.9856336156786
Winchendon,-,1,773,424,1306,2903.5313439740917
Winchendon,-,2,883,635,1646,3659.4277122368726
Winchendon,-,3,759,501,1371,3048.0409437890353
Winchester,-,1,994,514,1577,2623.7104253277903
Winchester,-,2,768,382,1234,2053.0492484809724
Winchester,-,3,1093,504,1713,2849.9784138151585
Winchester,-,4,1035,609,1733,2883.253118004477
Winchester,-,5,902,637,1618,2691.923568915894
Winchester,-,6,810,708,1603,2666.967540773905
Winchester,-,7,895,634,1630,2711.888391429485
Winchester,-,8,886,429,1400,2329.2292932523183
Windsor,-,1,398,118,557,875.0
Winthrop,-,1,911,471,1533,3065.8324956293704
Winthrop,-,2,1000,525,1634,3267.8214597902097
Winthrop,-,3,937,420,1450,2899.8415646853146
Winthrop,-,4,972,438,1509,3017.8351180069926
Winthrop,-,5,974,496,1594,3187.82583041958
Winthrop,-,6,940,375,1432,2863.843531468531
Woburn,1,1,755,422,1241,2404.5544750117015
Woburn,1,2,896,448,1445,2799.823703780748
Woburn,2,1,873,418,1380,2673.880076967081
Woburn,2,2,593,256,913,1769.0235581673514
Woburn,3,1,790,487,1371,2656.441728639035
Woburn,3,2,895,561,1547,2997.458318165271
Woburn,4,1,895,636,1630,3158.2786416350305
Woburn,4,2,691,403,1177,2280.548442456706
Woburn,5,1,962,475,1533,2970.331998543866
Woburn,5,2,860,509,1463,2834.7004004368405
Woburn,6,1,680,361,1105,2141.0416558323363
Woburn,6,2,807,429,1341,2598.3139008788808
Woburn,7,1,853,611,1565,3032.3350148213635
Woburn,7,2,837,581,1518,2941.268084663789
Worcester,1,1,1275,583,1999,5583.797437224955
Worcester,1,2,1297,652,2089,5835.19402019156
Worcester,1,3,747,470,1300,3631.2839761843125
Worcester,1,4,1182,463,1768,4938.546207610665
Worcester,1,5,1153,543,1838,5134.0768832513595
Worcester,2,1,1070,444,1638,4575.417809992234
Worcester,2,2,1043,482,1652,4614.523945120373
Worcester,2,3,1013,458,1590,4441.339632410044
Worcester,2,4,1082,262,1444,4033.518508930883
Worcester,2,5,607,60,797,2226.256406937613
Worcester,3,1,1013,414,1540,4301.674864095263
Worcester,3,2,436,122,614,1715.083354905514
Worcester,3,3,744,248,1068,2983.2394512037276
Worcester,3,4,570,112,749,2092.1782293554234
Worcester,3,5,1082,311,1520,4245.8089567693505
Worcester,4,1,582,125,786,2195.5301579083616
Worcester,4,2,791,258,1148,3206.7030805073778
Worcester,4,3,614,76,796,2223.4631115713178
Worcester,4,4,784,289,1190,3324.0214858917943
Worcester,4,5,928,336,1390,3882.6805591509187
Worcester,5,1,722,190,1002,2798.8819570282167
Worcester,5,2,929,313,1378,3849.161014755371
Worcester,5,3,1079,512,1735,4846.36746052291
Worcester,5,4,1039,491,1652,4614.523945120373
Worcester,5,5,1055,387,1554,4340.7809992234015
Worcester,6,1,549,104,705,1969.2732332384157
Worcester,6,2,683,179,926,2586.5915091897486
Worcester,6,3,729,198,996,2782.1221848304426
Worcester,6,4,346,122,513,1432.9605229096555
Worcester,6,5,855,338,1354,3782.1219259642767
Worcester,7,1,1080,369,1555,4343.574294589697
Worcester,7,2,752,218,1060,2960.8930882733625
Worcester,7,3,1004,314,1426,3983.2391923375617
Worcester,7,4,915,369,1400,3910.613512813875
Worcester,7,5,1029,408,1539,4298.881568728967
Worcester,8,1,558,133,766,2139.664250582449
Worcester,8,2,573,91,727,2030.7257312969195
Worcester,8,3,514,65,632,1765.362671498835
Worcester,8,4,747,121,971,2712.289800673052
Worcester,8,5,582,167,840,2346.3681076883254
Worcester,9,1,1020,322,1456,4067.03805332643
Worcester,9,2,1060,329,1514,4229.049184571577
Worcester,9,3,1132,388,1649,4606.144059021486
Worcester,9,4,1163,499,1793,5008.378591768056
Worcester,9,5,1271,553,1932,5396.646647683147
Worcester,10,1,627,160,882,2463.6865130727415
Worcester,10,2,550,126,752,2100.55811545431
Worcester,10,3,672,91,860,2402.2340150142377
Worcester,10,4,448,54,558,1558.6588143929587
Worcester,10,5,553,60,765,2136.870955216153
Worthington,-,1,476,208,758,1270.0
Wrentham,-,1,1013,797,1928,3297.376762275158
Wrentham,-,2,1256,1118,2529,4325.241614000973
Wrentham,-,3,1021,609,1714,2931.38162372387
Yarmouth,-,1,1130,916,2159,3787.984510927223
Yarmouth,-,2,1131,1051,2279,3998.5255675790368
Yarmouth,-,3,803,684,1557,2731.7702100572883
Yarmouth,-,4,1036,880,1998,3505.5085932527054
Yarmouth,-,5,987,785,1858,3259.8773604922553
Yarmouth,-,6,925,723,1717,3012.491618926374
Yarmouth,-,7,1248,1204,2571,4510.842138765118
