City/Town,Ward,Pct,Obama/ Biden,Romney/ Ryan,Total Votes Cast,pop by share of vote
Abington,-,1,844,705,1571,3010.0005993048067
Abington,-,2,742,741,1520,2912.285748531703
Abington,-,3,815,801,1648,3157.5308641975307
Abington,-,4,899,904,1830,3506.23876303488
Abington,-,5,844,910,1774,3398.9440249310796
Acton,-,1,1228,583,1845,3364.6464814506735
Acton,-,2,1216,722,1978,3607.1928131758445
Acton,-,3,1378,699,2143,3908.0961570454165
Acton,-,4,1462,636,2149,3919.038096822492
Acton,-,5,1454,565,2071,3776.7928797205122
Acton,-,6,1134,670,1836,3348.2335717850606
Acushnet,-,1,1034,574,1669,3185.5700259355317
Acushnet,-,2,959,803,1821,3475.687847350871
Acushnet,-,3,1053,819,1908,3641.742126713598
Adams,-,1,525,164,708,1528.206563215467
Adams,-,2,607,172,801,1728.945560925973
Adams,-,3,582,169,768,1657.7155939964387
Adams,-,4,590,129,740,1597.2780462986516
Adams,-,5,709,185,914,1972.85423556347
Agawam,-,1,850,665,1546,3044.0454199266082
Agawam,-,2,952,1042,2034,4004.908398532161
Agawam,-,3,890,821,1746,3437.841722633802
Agawam,-,4,856,751,1640,3229.129682198989
Agawam,-,5,1027,941,2008,3953.714879180226
Agawam,-,6,820,868,1730,3406.3380184172265
Agawam,-,7,900,869,1802,3548.104687391816
Agawam,-,8,993,913,1937,3813.9171917191716
Alford,-,1,233,64,306,494.0
Amesbury,-,1,863,718,1608,3072.047870468145
Amesbury,-,2,889,519,1438,2747.2666901325824
Amesbury,-,3,890,609,1554,2968.882083773319
Amesbury,-,4,734,455,1263,2412.933122140091
Amesbury,-,5,711,677,1408,2689.9523641910127
Amesbury,-,6,776,449,1252,2391.9178692948494
Amherst,-,1,958,149,1199,2921.712693298969
Amherst,-,2,1512,212,1817,4427.649677835052
Amherst,-,3,1054,177,1310,3192.196520618557
Amherst,-,4,1043,275,1367,3331.093621134021
Amherst,-,5,1240,131,1419,3457.806765463917
Amherst,-,6,1475,211,1765,4300.936533505154
Amherst,-,7,1376,159,1600,3898.865979381443
Amherst,-,8,1797,231,2129,5187.928543814433
Amherst,-,9,1409,167,1706,4157.165850515464
Amherst,-,10,934,199,1208,2943.6438144329895
Andover,-,1,945,704,1678,2958.644609665427
Andover,-,2,1087,1090,2212,3900.191821561338
Andover,-,3,1172,957,2171,3827.9007434944238
Andover,-,4,1020,1010,2064,3639.238661710037
Andover,-,5,1045,1048,2138,3769.7152416356876
Andover,-,6,988,1126,2141,3775.0048327137547
Andover,-,7,782,873,1689,2978.0397769516726
Andover,-,7A,252,213,477,841.0449814126395
Andover,-,8,1072,1044,2155,3799.689591078067
Andover,-,9,1035,1024,2094,3692.134572490706
Andover,-,9A,3,7,11,19.395167286245353
Aquinnah,-,1,252,38,299,311.0
Arlington,-,1,731,189,959,1565.055269873919
Arlington,-,2,941,340,1313,2142.7711880546985
Arlington,-,3,990,222,1261,2057.9089627852054
Arlington,-,4,948,237,1227,2002.4221231859215
Arlington,-,5,857,306,1194,1948.5672494572048
Arlington,-,6,921,230,1188,1938.7754542338018
Arlington,-,7,864,268,1175,1917.5598979164286
Arlington,-,8,1100,237,1375,2243.953072029863
Arlington,-,9,871,328,1229,2005.686054927056
Arlington,-,10,1033,275,1350,2203.153925265684
Arlington,-,11,875,419,1319,2152.5629832781015
Arlington,-,12,1001,382,1418,2314.127604464252
Arlington,-,13,737,586,1347,2198.2580276539825
Arlington,-,14,879,291,1204,1964.8869081628766
Arlington,-,15,842,380,1249,2038.3253723383993
Arlington,-,16,878,315,1216,1984.4704986096826
Arlington,-,17,789,224,1046,1707.0363006132634
Arlington,-,18,805,505,1340,2186.834266560012
Arlington,-,19,969,371,1370,2235.793242677027
Arlington,-,20,928,308,1266,2066.0687921380413
Arlington,-,21,891,281,1207,1969.7828057745783
Ashburnham,-,1,1632,1535,3254,6081.0
Ashby,-,1,827,961,1843,3074.0
Ashfield,-,1,892,187,1130,1737.0
Ashland,-,1,952,668,1661,3214.107638483965
Ashland,-,2,948,769,1747,3380.52139941691
Ashland,-,3,978,697,1711,3310.8598250728865
Ashland,-,4,1130,623,1795,3473.403498542274
Ashland,-,5,971,652,1661,3214.107638483965
Athol,-,1,878,810,1738,4220.753039832285
Athol,-,2,758,671,1476,3584.4830188679243
Athol,-,3,907,598,1556,3778.7639412997905
Attleboro,1,A,837,687,1568,3518.133923516393
Attleboro,1,B,859,754,1650,3702.117967986
Attleboro,2,A,958,813,1801,4040.9178547532038
Attleboro,2,B,911,833,1807,4054.3801019095167
Attleboro,3,A,931,659,1624,3643.781563641978
Attleboro,3,B,939,788,1772,3975.850326831026
Attleboro,4,A,796,496,1322,2966.181790107571
Attleboro,4,B,1009,994,2034,4563.701785990015
Attleboro,5,A,633,296,970,2176.396623603891
Attleboro,5,B,908,725,1664,3733.529878017397
Attleboro,6,A,843,658,1531,3435.116732719131
Attleboro,6,B,878,767,1686,3782.8914509238766
Auburn,-,1,910,873,1835,3348.1717763751126
Auburn,-,2,939,806,1791,3267.8886384129846
Auburn,-,3,964,905,1910,3485.018034265104
Auburn,-,4,910,740,1706,3112.796212804328
Auburn,-,5,797,797,1630,2974.125338142471
Avon,-,1,1222,1131,2413,4356.0
Ayer,-,1,1020,777,1838,3721.599236641221
Ayer,-,2,1005,781,1830,3705.400763358779
Barnstable,-,1,1248,1233,2524,4432.545737157068
Barnstable,-,2,1017,1033,2078,3649.2987487370797
Barnstable,-,3,974,649,1657,2909.955739488614
Barnstable,-,4,969,1001,2008,3526.367607056812
Barnstable,-,5,988,1356,2370,4162.09722546048
Barnstable,-,6,1042,1053,2127,3735.350547913267
Barnstable,-,7,1120,1156,2318,4070.7769487837104
Barnstable,-,8,844,544,1423,2499.014494443149
Barnstable,-,9,658,299,978,1717.523665190021
Barnstable,-,10,916,992,1939,3405.1926245434056
Barnstable,-,11,1156,1240,2432,4270.97909380586
Barnstable,-,12,1060,1118,2210,3881.1117587627264
Barnstable,-,13,955,681,1670,2932.7858086578067
Barre,-,1,708,662,1417,2824.5812407680946
Barre,-,2,637,617,1291,2573.4187592319054
Becket,-,1,686,259,975,1779.0
Bedford,-,1,1281,778,2108,3637.5903614457834
Bedford,-,2,1005,770,1822,3144.065293431792
Bedford,-,3,1201,757,2003,3456.401088223863
Bedford,-,4,982,756,1786,3081.943256898562
Belchertown,-,A,1119,649,1828,3475.453861129137
Belchertown,-,B,1009,800,1852,3521.083452303699
Belchertown,-,C,1133,902,2073,3941.25593770279
Belchertown,-,D,1339,563,1952,3711.2067488643743
Bellingham,-,1,802,803,1637,3114.571761416589
Bellingham,-,2,949,897,1876,3569.295433364399
Bellingham,-,3,857,752,1645,3129.792637465051
Bellingham,-,4,691,759,1488,2831.0829450139795
Bellingham,-,4A,79,94,178,338.66449207828515
Bellingham,-,5,885,828,1760,3348.592730661696
Belmont,-,1,1238,576,1846,3172.3234190410008
Belmont,-,2,1092,867,1984,3409.4743571924946
Belmont,-,3,1163,511,1714,2945.4833912439194
Belmont,-,4,1093,428,1556,2673.9627519110495
Belmont,-,5,1154,543,1745,2998.756428075052
Belmont,-,6,1269,524,1842,3165.4494788047255
Belmont,-,7,1212,507,1764,3031.4076441973593
Belmont,-,8,1092,796,1939,3332.142529534399
Berkley,-,1,853,885,1782,3422.529059316956
Berkley,-,2,720,804,1556,2988.470940683044
Berlin,-,1,921,830,1814,2866.0
Bernardston,-,1,809,329,1181,2129.0
Beverly,1,1,939,683,1659,3117.688772597526
Beverly,1,2,1090,764,1900,3570.5899143672696
Beverly,2,1,1001,452,1532,2879.023025689819
Beverly,2,2,1165,598,1809,3399.577450047574
Beverly,3,1,830,420,1287,2418.6048525214082
Beverly,3,2,1042,617,1701,3196.61760228354
Beverly,4,1,629,459,1121,2106.648049476689
Beverly,4,2,1347,728,2128,3999.060704091342
Beverly,5,1,1084,811,1924,3615.6921027592766
Beverly,5,2,985,806,1830,3439.04186489058
Beverly,6,1,1035,944,2027,3809.2556612749763
Beverly,6,2,1011,1046,2102,3950.2000000000003
Billerica,-,1,1093,836,1974,3923.722315519115
Billerica,-,2,982,919,1939,3854.152770917712
Billerica,-,3,910,882,1826,3629.5425269188972
Billerica,-,4,770,751,1557,3094.850884125259
Billerica,-,5,960,1071,2074,4122.492442951694
Billerica,-,6,757,790,1583,3146.53111725773
Billerica,-,7,903,807,1753,3484.4403338931147
Billerica,-,8,929,1104,2077,4128.455546774671
Billerica,-,9,854,934,1825,3627.554825644572
Billerica,-,10,921,983,1952,3879.9928874839475
Billerica,-,11,760,882,1686,3351.264348513286
Blackstone,-,1,764,593,1388,2883.998158379374
Blackstone,-,2,771,658,1457,3027.3669429097604
Blackstone,-,3,687,777,1499,3114.6348987108654
Blandford,-,1,300,348,667,1233.0
Bolton,-,1,1554,1463,3086,4897.0
Boston,1,1,645,188,863,2089.959736649139
Boston,1,2,464,139,621,1503.8991847730185
Boston,1,3,959,205,1194,2891.554954297881
Boston,1,4,286,90,388,939.6342732559278
Boston,1,5,484,183,691,1673.420832009913
Boston,1,6,414,138,573,1387.6557695248628
Boston,1,7,547,128,691,1673.420832009913
Boston,1,8,731,186,940,2276.4335486097225
Boston,1,9,445,123,585,1416.7166233369016
Boston,1,10,315,77,400,968.695127067967
Boston,1,11,601,291,914,2213.4683653503043
Boston,1,12,557,328,907,2196.516200626615
Boston,1,13,814,338,1171,2835.8549844914733
Boston,1,14,421,195,633,1532.9600385850576
Boston,1,15,20,1,21,50.85649417106826
Boston,2,1,869,520,1420,3438.867701091283
Boston,2,2,1175,475,1669,4041.880417691092
Boston,2,3,702,430,1151,2787.420228138075
Boston,2,4,640,277,936,2266.7465973390426
Boston,2,5,705,449,1179,2855.2288870328325
Boston,2,6,919,456,1414,3424.337274185263
Boston,2,7,588,349,961,2327.290042780791
Boston,3,1,1382,941,2372,5744.362103513044
Boston,3,2,705,410,1137,2753.5158986906963
Boston,3,3,641,341,1010,2445.9551958466163
Boston,3,4,691,428,1136,2751.094160873026
Boston,3,5,1225,559,1817,4400.29761470624
Boston,3,6,1563,845,2465,5969.583720556346
Boston,3,7,2031,412,2480,6005.909787821395
Boston,3,8,1827,577,2472,5986.535885280036
Boston,4,1,1122,310,1454,3521.20678689206
Boston,4,2,1381,578,1991,4821.6799949808055
Boston,4,3,771,169,955,2312.759615874771
Boston,4,4,1116,242,1390,3366.215566561185
Boston,4,5,831,260,1108,2683.2855019782687
Boston,4,6,700,175,913,2211.0466275326344
Boston,4,7,782,168,985,2385.4117504048686
Boston,4,8,777,174,989,2395.0987016755485
Boston,4,9,650,57,736,1782.3990338050592
Boston,4,10,455,82,553,1339.2210131714642
Boston,5,1,2102,505,2662,6446.66607063732
Boston,5,2,699,129,864,2092.381474466809
Boston,5,2A,468,139,620,1501.4774469553488
Boston,5,3,833,435,1293,3131.306998247203
Boston,5,4,1126,408,1571,3804.55011155944
Boston,5,5,336,182,524,1268.9906164590366
Boston,5,6,755,557,1348,3264.5025782190487
Boston,5,7,1022,539,1594,3860.2500813658485
Boston,5,8,911,463,1406,3404.963371643904
Boston,5,9,1277,587,1899,4598.880115755173
Boston,5,10,1042,291,1386,3356.5286152905055
Boston,5,11,610,295,925,2240.1074813446735
Boston,6,1,1466,572,2088,5056.5885632947875
Boston,6,2,495,229,739,1789.664247258069
Boston,6,3,619,378,1015,2458.063884934966
Boston,6,4,637,430,1093,2646.9594347132197
Boston,6,5,606,437,1073,2598.5246783598213
Boston,6,6,575,488,1085,2627.5855321718605
Boston,6,7,497,475,997,2414.4726042169073
Boston,6,8,565,468,1065,2579.1507758184616
Boston,6,9,510,547,1074,2600.9464161774913
Boston,7,1,479,480,977,2366.0378478635093
Boston,7,2,646,565,1247,3019.907058634387
Boston,7,3,760,614,1399,3388.0112069202146
Boston,7,4,688,439,1164,2818.902819767784
Boston,7,5,554,286,866,2097.2249501021483
Boston,7,6,543,189,755,1828.4120523407878
Boston,7,7,560,83,656,1588.6600083914657
Boston,7,8,468,191,690,1670.9990941922429
Boston,7,9,562,158,741,1794.5077228934088
Boston,7,10,685,44,737,1784.8207716227291
Boston,8,1,618,62,686,1661.3121429215635
Boston,8,2,1150,199,1374,3327.4677614784664
Boston,8,3,725,32,765,1852.6294305174868
Boston,8,4,436,13,450,1089.7820179514629
Boston,8,5,837,37,877,2123.8640660965175
Boston,8,6,254,15,276,668.3996376768971
Boston,8,7,548,26,584,1414.2948855192317
Boston,9,1,1054,118,1185,2869.7593139388523
Boston,9,2,1154,217,1395,3378.3242556495347
Boston,9,3,1673,101,1806,4373.658498711871
Boston,9,4,1187,64,1268,3070.763552805455
Boston,9,5,1274,16,1305,3160.367852059242
Boston,10,1,541,53,605,1465.1513796903
Boston,10,2,580,77,679,1644.3599781978737
Boston,10,3,558,76,658,1593.5034840268056
Boston,10,4,923,147,1100,2663.911599436909
Boston,10,5,659,98,795,1925.2815650475843
Boston,10,6,674,38,733,1775.1338203520495
Boston,10,7,1016,33,1070,2591.2594649068114
Boston,10,8,951,107,1099,2661.489861619239
Boston,10,9,1241,132,1443,3494.5676708976907
Boston,11,1,593,22,629,1523.273087314378
Boston,11,2,980,23,1014,2455.642147117296
Boston,11,3,791,18,816,1976.1380592186524
Boston,11,4,1143,43,1225,2966.6288266456486
Boston,11,5,908,39,973,2356.3508965928295
Boston,11,6,757,53,863,2089.959736649139
Boston,11,7,1067,56,1166,2823.746295403124
Boston,11,8,1028,83,1153,2792.263703773415
Boston,11,9,625,57,725,1755.7599178106902
Boston,11,10,928,45,1035,2506.4986412883645
Boston,12,1,1074,10,1097,2656.646385983899
Boston,12,2,1406,13,1425,3450.9763901796323
Boston,12,3,713,16,734,1777.5555581697192
Boston,12,4,693,11,706,1709.7468992749616
Boston,12,5,553,5,559,1353.751440077484
Boston,12,6,552,12,571,1382.8122938895228
Boston,12,7,1406,26,1443,3494.5676708976907
Boston,12,8,496,9,512,1239.9297626469977
Boston,12,9,661,10,681,1649.2034538332139
Boston,13,1,894,17,915,2215.8901031679743
Boston,13,2,376,6,386,934.7907976205881
Boston,13,3,709,92,822,1990.668486124672
Boston,13,4,627,15,645,1562.0208923970968
Boston,13,5,553,35,604,1462.72964187263
Boston,13,6,787,101,903,2186.8292493559356
Boston,13,7,688,187,897,2172.298822449916
Boston,13,8,565,173,762,1845.364217064477
Boston,13,9,698,148,876,2121.4423282788475
Boston,13,10,843,350,1232,2983.580991369338
Boston,14,1,1348,36,1389,3363.7938287435154
Boston,14,2,1436,29,1472,3564.7980676101183
Boston,14,3,765,4,772,1869.5815952411763
Boston,14,4,851,21,876,2121.4423282788475
Boston,14,5,687,5,695,1683.1077832805925
Boston,14,6,651,13,671,1624.9860756565145
Boston,14,7,725,13,747,1809.038149799428
Boston,14,8,758,14,776,1879.2685465118557
Boston,14,9,843,13,870,2106.911901372828
Boston,14,10,770,12,787,1905.9076625062248
Boston,14,11,634,11,646,1564.4426302147667
Boston,14,12,489,10,503,1218.1341222879685
Boston,14,13,700,9,717,1736.3860152693308
Boston,14,14,778,5,791,1915.5946137769047
Boston,15,1,918,20,948,2295.8074511510818
Boston,15,2,648,7,656,1588.6600083914657
Boston,15,3,374,18,394,954.1647001619475
Boston,15,4,1069,101,1181,2860.0723626681724
Boston,15,5,769,22,806,1951.9206810419535
Boston,15,6,350,112,473,1145.481987757871
Boston,15,7,625,16,642,1554.7556789440869
Boston,15,8,528,86,629,1523.273087314378
Boston,15,9,572,114,697,1687.9512589159326
Boston,16,1,535,132,689,1668.577356374573
Boston,16,2,374,132,523,1266.5688786413666
Boston,16,3,793,134,941,2278.855286427392
Boston,16,4,671,165,852,2063.3206206547698
Boston,16,5,735,207,959,2322.446567145451
Boston,16,6,1006,165,1194,2891.554954297881
Boston,16,7,612,300,931,2254.637908250693
Boston,16,8,750,272,1050,2542.8247085534135
Boston,16,9,579,470,1067,2583.994251453802
Boston,16,10,559,320,908,2198.937938444285
Boston,16,11,718,291,1034,2504.0769034706946
Boston,16,12,555,439,1011,2448.3769336642868
Boston,17,1,731,19,755,1828.4120523407878
Boston,17,2,496,35,540,1307.7384215417553
Boston,17,3,1128,58,1200,2906.085381203901
Boston,17,4,1197,138,1352,3274.189529489728
Boston,17,5,568,10,586,1419.1383611545716
Boston,17,6,845,54,912,2208.6248897149644
Boston,17,7,439,13,453,1097.0472314044725
Boston,17,8,729,23,758,1835.6772657937972
Boston,17,9,615,37,663,1605.6121731151552
Boston,17,10,1033,20,1057,2559.776873277103
Boston,17,11,368,18,393,951.7429623442775
Boston,17,12,626,49,684,1656.4686672862233
Boston,17,13,878,194,1097,2656.646385983899
Boston,17,14,717,68,798,1932.546778500594
Boston,18,1,1309,34,1347,3262.0808404013787
Boston,18,2,1007,9,1024,2479.8595252939954
Boston,18,3,1178,16,1196,2896.398429933221
Boston,18,4,1116,23,1146,2775.3115390497255
Boston,18,5,1160,25,1192,2886.7114786625416
Boston,18,6,1298,49,1356,3283.876480760408
Boston,18,7,857,119,994,2407.207390763898
Boston,18,8,1538,154,1705,4129.062979127209
Boston,18,9,877,197,1099,2661.489861619239
Boston,18,10,1216,238,1497,3625.341513051866
Boston,18,11,844,91,949,2298.2291889687517
Boston,18,12,851,210,1073,2598.5246783598213
Boston,18,13,546,65,622,1506.3209225906887
Boston,18,14,568,67,646,1564.4426302147667
Boston,18,15,930,46,985,2385.4117504048686
Boston,18,16,789,390,1207,2923.0375459275906
Boston,18,17,851,203,1069,2588.837727089142
Boston,18,18,1091,234,1341,3247.5504134953594
Boston,18,19,1278,253,1594,3860.2500813658485
Boston,18,20,1012,449,1488,3603.5458726928373
Boston,18,21,1280,25,1314,3182.1634924182717
Boston,18,22,890,342,1256,3041.7026989934166
Boston,18,23,728,41,779,1886.5337599648656
Boston,19,1,946,58,1047,2535.5594951004036
Boston,19,2,893,381,1308,3167.633065512252
Boston,19,3,746,116,893,2162.6118711792365
Boston,19,4,1068,66,1196,2896.398429933221
Boston,19,5,864,78,978,2368.4595856811793
Boston,19,6,1186,95,1336,3235.44172440701
Boston,19,7,1105,100,1260,3051.389650264096
Boston,19,8,623,75,717,1736.3860152693308
Boston,19,9,592,60,667,1615.2991243858348
Boston,19,10,1046,167,1246,3017.4853208167174
Boston,19,11,827,42,887,2148.0814442732167
Boston,19,12,728,89,838,2029.4162912073907
Boston,19,13,728,93,840,2034.2597668427306
Boston,20,1,840,267,1139,2758.359374326036
Boston,20,2,956,218,1214,2939.98971065128
Boston,20,3,824,401,1255,3039.280961175746
Boston,20,4,796,160,994,2407.207390763898
Boston,20,5,724,448,1209,2927.88102156293
Boston,20,6,837,464,1324,3206.380870594971
Boston,20,7,560,242,828,2005.1989130306915
Boston,20,8,612,217,849,2056.05540720176
Boston,20,9,686,248,948,2295.8074511510818
Boston,20,10,866,591,1482,3589.0154457868175
Boston,20,11,435,201,648,1569.2861058501064
Boston,20,12,481,346,854,2068.1640962901092
Boston,20,13,487,291,795,1925.2815650475843
Boston,20,14,423,320,766,1855.0511683351567
Boston,20,15,815,507,1351,3271.767791672058
Boston,20,16,817,563,1408,3409.806847279244
Boston,20,17,873,607,1504,3642.293677775556
Boston,20,18,516,253,787,1905.9076625062248
Boston,20,19,464,330,809,1959.1858944949631
Boston,20,20,847,438,1315,3184.5852302359413
Boston,21,1,911,210,1164,2818.902819767784
Boston,21,2,657,107,792,1918.0163515945744
Boston,21,3,617,109,756,1830.8337901584575
Boston,21,4,500,76,608,1472.4165931433097
Boston,21,5,709,101,858,2077.851047560789
Boston,21,6,608,99,742,1796.9294607110785
Boston,21,7,725,133,890,2155.3466577262266
Boston,21,8,868,146,1054,2552.511659824093
Boston,21,9,896,170,1111,2690.550715431278
Boston,21,10,672,154,856,2073.007571925449
Boston,21,11,802,226,1069,2588.837727089142
Boston,21,12,740,273,1060,2567.0420867301123
Boston,21,13,915,461,1431,3465.5068170856516
Boston,21,14,515,98,635,1537.8035142203976
Boston,21,15,605,136,781,1891.3772356002055
Boston,21,16,796,278,1110,2688.128977613608
Boston,22,1,942,261,1255,3039.280961175746
Boston,22,2,984,183,1234,2988.4244670046783
Boston,22,3,818,263,1117,2705.081142337298
Boston,22,4,575,177,787,1905.9076625062248
Boston,22,5,454,122,604,1462.72964187263
Boston,22,6,470,141,644,1559.5991545794268
Boston,22,7,747,217,1005,2433.846506758267
Boston,22,8,578,310,915,2215.8901031679743
Boston,22,9,610,266,913,2211.0466275326344
Boston,22,10,800,258,1088,2634.8507456248703
Boston,22,11,541,175,737,1784.8207716227291
Boston,22,12,543,174,742,1796.9294607110785
Boston,22,13,408,162,587,1421.5600989722413
Bourne,-,1,671,783,1479,2843.6992408020246
Bourne,-,2,728,972,1724,3314.7650379598986
Bourne,-,3,438,437,895,1720.8321977808062
Bourne,-,4,845,858,1735,3335.9149308935175
Bourne,-,5,824,816,1665,3201.324703134125
Bourne,-,6,602,626,1244,2391.8606190383493
Bourne,-,7,704,804,1532,2945.6032703912792
Boxborough,-,1,1753,1140,2965,4996.0
Boxford,-,1,700,1001,1731,2655.0
Boxford,-,2,714,1039,1785,2737.824956672444
Boxford,-,3,652,994,1677,2572.1750433275565
Boylston,-,1,1283,1343,2693,4355.0
Braintree,-,1A,834,830,1715,3116.3113212343046
Braintree,-,1B,726,730,1474,2678.3923542270345
Braintree,-,2A,872,849,1748,3176.27532916476
Braintree,-,2B,866,860,1759,3196.2633318082453
Braintree,-,3A,858,577,1463,2658.404351583549
Braintree,-,3B,895,677,1607,2920.0654770982665
Braintree,-,4A,777,634,1437,2611.159981698948
Braintree,-,4B,779,588,1390,2525.756697676783
Braintree,-,5A,817,778,1631,2963.6756646840527
Braintree,-,5B,857,851,1737,3156.287326521275
Braintree,-,6A,916,1035,1981,3599.6575669767676
Braintree,-,6B,862,823,1729,3141.7505973260127
Brewster,-,1,1224,937,2209,3297.215382276942
Brewster,-,2,1253,888,2184,3259.8996808025536
Brewster,-,3,1201,927,2186,3262.8849369205045
Bridgewater,-,1,1019,1271,2327,5102.113165497318
Bridgewater,-,2,971,1161,2175,4768.842344201404
Bridgewater,-,3,1066,1266,2364,5183.23829962856
Bridgewater,-,4,544,543,1114,2442.524308708213
Bridgewater,-,5,382,313,711,1558.918118035493
Bridgewater,-,6,830,639,1506,3302.0122162608336
Bridgewater,-,7,965,905,1918,4205.3515476681805
Brimfield,-,1,897,1095,2054,3609.0
Brockton,1,A,830,210,1047,2848.1678990865594
Brockton,1,B,1020,478,1526,4151.197912135711
Brockton,1,C,910,369,1294,3520.0852544584604
Brockton,1,D,981,646,1657,4507.558938668986
Brockton,2,A,815,45,866,2355.791213571118
Brockton,2,B,737,74,819,2227.936494127882
Brockton,2,C,714,59,780,2121.844280121792
Brockton,2,D,794,251,1064,2894.413223140496
Brockton,3,A,905,234,1155,3141.9617224880385
Brockton,3,B,873,149,1034,2812.8038277511964
Brockton,3,C,934,634,1587,4317.137016093954
Brockton,3,D,924,622,1574,4281.772944758591
Brockton,4,A,717,101,824,2241.5380600260983
Brockton,4,B,979,286,1289,3506.483688560243
Brockton,4,C,952,388,1367,3718.668116572423
Brockton,4,D,843,317,1177,3201.8086124401916
Brockton,5,A,981,117,1115,3033.149195302305
Brockton,5,B,1019,354,1394,3792.1165724227926
Brockton,5,C,957,237,1215,3305.1805132666377
Brockton,5,D,942,477,1448,3939.013484123532
Brockton,6,A,776,224,1016,2763.8381905176166
Brockton,6,B,931,543,1511,4110.393214441061
Brockton,6,C,890,385,1289,3506.483688560243
Brockton,6,D,905,564,1496,4069.588516746411
Brockton,7,A,940,124,1075,2924.3366681165726
Brockton,7,B,1058,212,1283,3490.1618094823834
Brockton,7,C,990,226,1233,3354.1461505002176
Brockton,7,D,945,384,1350,3672.4227925184864
Brookfield,-,1,830,858,1743,3390.0
Brookline,-,1,1339,337,1707,3482.4246760915626
Brookline,-,2,1020,208,1260,2570.506790788148
Brookline,-,3,1451,349,1830,3733.3551009065964
Brookline,-,4,1336,320,1684,3435.502726735906
Brookline,-,5,1562,345,1957,3992.445864740005
Brookline,-,6,1550,278,1868,3810.87832158116
Brookline,-,7,1386,327,1752,3574.2284900482823
Brookline,-,8,1484,281,1803,3678.272812532565
Brookline,-,9,1419,289,1751,3572.188405293689
Brookline,-,10,1359,362,1763,3596.669422348814
Brookline,-,11,1529,332,1902,3880.2412032373477
Brookline,-,12,1714,433,2204,4496.346799124666
Brookline,-,13,1390,418,1854,3782.317135016847
Brookline,-,14,1316,501,1854,3782.317135016847
Brookline,-,15,1238,670,1943,3963.884678175692
Brookline,-,16,1184,430,1657,3380.4204383618744
Buckland,-,1,750,252,1055,1902.0
Burlington,-,1,1069,1154,2255,4120.151402147972
Burlington,-,2,831,585,1443,2636.5314737470167
Burlington,-,3,1028,875,1939,3542.7820704057276
Burlington,-,4,933,782,1750,3197.4567422434366
Burlington,-,5,1036,1028,2097,3831.4667362768496
Burlington,-,6,1065,965,2076,3793.0972553699285
Burlington,-,7,1021,802,1848,3376.514319809069
Cambridge,1,1,1042,328,1401,2903.150052217778
Cambridge,1,2,1092,249,1390,2880.355869081164
Cambridge,1,3,1209,237,1498,3104.15330351337
Cambridge,2,1,1353,79,1482,3070.998128041932
Cambridge,2,2,480,91,606,1255.752270980709
Cambridge,2,3,805,195,1041,2157.1586041104256
Cambridge,3,1,1273,185,1523,3155.958265187491
Cambridge,3,2,853,78,971,2012.1047114228852
Cambridge,3,2A,616,57,703,1456.755522276301
Cambridge,3,3,1407,97,1577,3267.8569824035944
Cambridge,4,1,1690,108,1844,3821.1339730832133
Cambridge,4,2,1689,175,1941,4022.137224378805
Cambridge,4,3,586,76,690,1429.8169422057579
Cambridge,5,1,1444,113,1628,3373.5391042188025
Cambridge,5,2,1570,182,1823,3777.6178052769515
Cambridge,5,3,1177,101,1334,2764.3127549311316
Cambridge,6,1,1563,159,1799,3727.8850420697945
Cambridge,6,2,1487,167,1737,3599.408737117973
Cambridge,6,3,1654,207,1919,3976.5488581055783
Cambridge,7,1,1615,119,1808,3746.534828272478
Cambridge,7,2,946,124,1116,2312.5734891327907
Cambridge,7,3,702,76,813,1684.6973536424364
Cambridge,8,1,1179,156,1371,2840.9840982088317
Cambridge,8,2,1201,147,1380,2859.6338844115157
Cambridge,8,3,485,57,570,1181.1531261699738
Cambridge,9,1,1849,266,2159,4473.8764901771465
Cambridge,9,2,1634,281,1973,4088.447575321681
Cambridge,9,3,1479,285,1810,3750.679225206408
Cambridge,10,1,1759,182,2005,4154.757926264557
Cambridge,10,2,1809,184,2056,4260.440048079766
Cambridge,10,3,1465,145,1647,3412.9108750911346
Cambridge,11,1,1228,89,1335,2766.3849533980965
Cambridge,11,2,1800,274,2157,4469.732093243217
Cambridge,11,3,1374,207,1642,3402.5498827563106
Canton,-,1,1047,844,1919,3317.741881164301
Canton,-,2,1155,970,2162,3737.862400769786
Canton,-,3,1046,842,1913,3307.368535001203
Canton,-,4,1071,1234,2337,4040.418330526822
Canton,-,5,1092,1021,2149,3715.3868174164063
Canton,-,6,1077,868,1991,3442.222035121482
Carlisle,-,1,1972,1318,3374,4852.0
Carver,-,1,931,1003,1967,3719.7178770949718
Carver,-,2,921,983,1942,3672.441340782123
Carver,-,3,1020,1125,2177,4116.840782122905
Charlemont,-,1,456,166,643,1266.0
Charlton,-,1,728,865,1641,3157.696560924993
Charlton,-,2,746,989,1767,3400.152238363474
Charlton,-,3,756,933,1733,3334.7276904832497
Charlton,-,4,684,875,1605,3088.4235102282837
Chatham,-,1,2293,2280,4654,6125.0
Chelmsford,-,1,1100,1096,2246,3860.8264849471116
Chelmsford,-,2,1045,852,1946,3345.1328315703827
Chelmsford,-,3,1011,1093,2162,3716.4322620016274
Chelmsford,-,4,957,966,1967,3381.2313873067533
Chelmsford,-,5,1065,1001,2131,3663.1439178193655
Chelmsford,-,6,1171,1178,2385,4099.7645443449965
Chelmsford,-,7,1149,1213,2396,4118.673311635476
Chelmsford,-,8,1125,1079,2264,3891.768104149715
Chelmsford,-,9,1028,1095,2167,3725.027156224573
Chelsea,1,1,410,93,515,2096.04940414208
Chelsea,1,2,255,36,305,1241.349647113271
Chelsea,1,3,367,57,437,1778.5894943885226
Chelsea,1,4,295,26,330,1343.0996181881292
Chelsea,2,1,766,255,1059,4310.128774730996
Chelsea,2,2,368,45,440,1790.7994909175054
Chelsea,2,3,248,30,289,1176.2296656253613
Chelsea,2,4,371,39,423,1721.609510586602
Chelsea,3,1,448,58,527,2144.889390258012
Chelsea,3,2,478,90,583,2372.809325465695
Chelsea,3,3,429,91,545,2218.14936943191
Chelsea,3,4,421,110,546,2222.2193682749044
Chelsea,4,1,422,115,559,2275.129353233831
Chelsea,4,2,567,196,807,3284.489066296425
Chelsea,4,3,491,164,673,2739.109221335185
Chelsea,4,4,466,110,605,2462.3493000115704
Cheshire,-,1,1219,493,1761,3235.0
Chester,-,1,331,305,667,1337.0
Chesterfield,-,1,455,228,723,1222.0
Chicopee,1,A,807,529,1377,3281.5611963454576
Chicopee,1,B,1029,666,1743,4153.784433718324
Chicopee,2,A,706,246,971,2314.0130149974143
Chicopee,2,B,860,546,1439,3429.3148595069815
Chicopee,3,A,771,363,1172,2793.0208584726774
Chicopee,3,B,681,290,994,2368.824857783141
Chicopee,4,A,751,442,1239,2952.690139631098
Chicopee,4,B,796,417,1240,2955.0732632304776
Chicopee,5,A,792,450,1269,3024.1838476124803
Chicopee,5,B,803,411,1256,2993.203240820548
Chicopee,6,AN,225,164,401,955.6325633511462
Chicopee,6,AS,466,350,835,1989.9082054818134
Chicopee,6,BE,699,671,1396,3326.840544733667
Chicopee,6,BW,160,104,274,652.9758662299604
Chicopee,7,A,686,261,987,2352.142992587485
Chicopee,7,B,677,305,1019,2428.4029477676263
Chicopee,8,A,835,495,1380,3288.710567143596
Chicopee,8,B,756,439,1241,2957.456386829857
Chicopee,9,A,819,478,1333,3176.703757972763
Chicopee,9,B,983,614,1638,3903.5564557834855
Chilmark,-,1,589,127,738,866.0
Clarksburg,-,1,616,232,865,1702.0
Clinton,-,1,962,725,1725,3574.527870849832
Clinton,-,2,912,614,1577,3267.843740481267
Clinton,-,3,908,706,1654,3427.402375875723
Clinton,-,4,986,576,1610,3336.226012793177
Cohasset,-,1,1098,1382,2512,3852.2781618544127
Cohasset,-,2,1152,1219,2406,3689.7218381455878
Colrain,-,1,618,232,893,1671.0
Concord,-,1,1413,691,2137,3415.3338760741744
Concord,-,2,1717,701,2462,3934.745906829489
Concord,-,3,1572,818,2433,3888.398371777476
Concord,-,4,1601,774,2436,3893.1929443690638
Concord,-,5,1013,543,1587,2536.328900949796
Conway,-,1,926,288,1260,1897.0
Cummington,-,1,368,139,538,872.0
Dalton,-,1,1235,421,1699,3359.2168568920106
Dalton,-,2,1209,470,1718,3396.7831431079894
Danvers,-,1,1025,768,1824,3301.218199207542
Danvers,-,2,964,853,1836,3322.936739991802
Danvers,-,3,851,781,1675,3031.5463178029786
Danvers,-,4,889,921,1853,3353.7046727695038
Danvers,-,5,1038,965,2047,3704.8210821150433
Danvers,-,6,934,1040,1998,3616.137040579314
Danvers,-,7,893,902,1838,3326.5564967891787
Danvers,-,8,773,767,1567,2836.079450744637
Dartmouth,-,1,1062,843,1945,4086.192974874992
Dartmouth,-,2,784,505,1312,2756.3419964195323
Dartmouth,-,3,664,120,803,1686.9989505525034
Dartmouth,-,4,1189,603,1825,3834.0885239829618
Dartmouth,-,5,1182,796,2016,4235.35477498611
Dartmouth,-,6,1124,488,1655,3476.940551885919
Dartmouth,-,7,1088,825,1955,4107.201679115995
Dartmouth,-,8,1390,854,2289,4808.89240076548
Dartmouth,-,9,1397,951,2399,5039.988147416508
Dedham,-,1,1186,831,2052,3686.1766671509513
Dedham,-,2,1185,779,2008,3607.135841929391
Dedham,-,3,1074,636,1763,3167.0221560366117
Dedham,-,4,1047,801,1877,3371.809748656109
Dedham,-,5,1063,872,1967,3533.484163882028
Dedham,-,6,1192,834,2077,3731.086226935929
Dedham,-,7,1010,981,2022,3632.285195408979
Deerfield,-,1,2104,839,3036,5125.0
Dennis,-,1,990,973,1993,3037.390152327827
Dennis,-,2,1092,1004,2130,3246.182149753272
Dennis,-,3,916,670,1624,2475.023385539584
Dennis,-,4,996,855,1881,2866.6988843595796
Dennis,-,5,927,745,1694,2581.7054280197385
Dighton,-,1,868,928,1846,3548.7672273467174
Dighton,-,2,875,915,1840,3537.2327726532826
Douglas,-,1,617,903,1562,2911.90625
Douglas,-,2,653,896,1586,2956.6474471830984
Douglas,-,3,627,743,1396,2602.4463028169016
Dover,-,1,1534,2004,3593,5589.0
Dracut,-,1,689,648,1358,2611.306612703179
Dracut,-,2,675,717,1440,2768.984920686729
Dracut,-,3,808,934,1782,3426.6188393498273
Dracut,-,4,776,1125,1937,3724.669299562635
Dracut,-,5,719,883,1635,3143.9516286963903
Dracut,-,6,814,840,1689,3247.788563222143
Dracut,-,6A,35,30,69,132.68052744957242
Dracut,-,7,715,772,1524,2930.5090410601215
Dracut,-,8,892,1197,2131,4097.713101377374
Dracut,-,9,818,896,1754,3372.7774658920293
Dudley,-,1,966,999,1989,4426.4771395076195
Dudley,-,2,815,792,1642,3654.236029699101
Dudley,-,3,690,758,1487,3309.286830793279
Dunstable,-,1,821,1036,1901,3179.0
Duxbury,-,1,766,922,1709,2653.4520053613774
Duxbury,-,2,686,1008,1714,2661.215176822353
Duxbury,-,3,678,820,1512,2347.583049798948
Duxbury,-,4,696,860,1586,2462.4779874213837
Duxbury,-,5,720,840,1580,2453.162181668213
Duxbury,-,6,701,875,1598,2481.1095989277246
E. Bridgewater,-,1,825,926,1782,3337.0768395329897
E. Bridgewater,-,2,822,983,1846,3456.9269617159925
E. Bridgewater,-,3,915,1051,2000,3745.316318218843
E. Bridgewater,-,4,787,918,1738,3254.679880532175
E. Brookfield,-,1,470,663,1157,2183.0
E. Longmeadow,-,1,1064,1093,2201,3949.739726027397
E. Longmeadow,-,2,1060,962,2049,3676.972602739726
E. Longmeadow,-,3,1006,1117,2167,3888.72602739726
E. Longmeadow,-,4,962,1356,2343,4204.561643835616
Eastham,-,1,2188,1446,3702,4956.0
Easthampton,-,1,1224,512,1788,3161.44553364908
Easthampton,-,2,1258,384,1707,3018.225685648199
Easthampton,-,3,1202,354,1659,2933.3546646106397
Easthampton,-,4,1383,497,1952,3451.4215221940744
Easthampton,-,5,1216,716,1973,3488.5525938980063
Easton,-,1,15,487,1145,2178.7617322575334
Easton,-,2,1085,1124,2243,4268.089576815412
Easton,-,3,1003,987,2023,3849.4628684340523
Easton,-,4,1028,1179,2251,4283.312366211098
Easton,-,5,1147,1133,2318,4410.803227399967
Easton,-,6,984,1150,2166,4121.570228881937
Edgartown,-,1,1701,827,2584,4067.0
Egremont,-,1,677,152,844,1225.0
Erving,-,1,557,200,778,1800.0
Essex,-,1,1163,966,2180,3504.0
Everett,1,1,726,287,1036,3260.1021070916095
Everett,1,2,670,245,931,2929.6863529944867
Everett,2,1,768,269,1051,3307.304357676913
Everett,2,2,682,246,943,2967.4481534627294
Everett,3,1,917,355,1299,4087.7149006872596
Everett,3,2,880,319,1218,3832.822747526622
Everett,4,1,810,379,1210,3807.6482138811266
Everett,4,2,789,284,1099,3458.351559549883
Everett,5,1,812,328,1160,3650.3073785967827
Everett,5,2,827,293,1143,3596.811494600106
Everett,6,1,748,305,1078,3392.2684087304583
Everett,6,2,780,279,1073,3376.534325202024
Fairhaven,-,1,843,576,1466,2806.6358702207212
Fairhaven,-,2,884,490,1411,2701.3391629477746
Fairhaven,-,3,706,379,1111,2126.9934869135204
Fairhaven,-,4,876,509,1425,2728.1419611627066
Fairhaven,-,5,882,582,1502,2875.5573513448317
Fairhaven,-,6,820,520,1376,2634.3321674104454
Fall River,1,A,1042,444,1541,4526.117641225664
Fall River,1,B,840,270,1136,3336.57990943047
Fall River,1,C,844,317,1199,3521.6191121541665
Fall River,2,A,678,154,863,2534.74336429445
Fall River,2,B,644,160,826,2426.0695468218028
Fall River,2,C,736,241,1017,2987.06141539682
Fall River,3,A,905,278,1218,3577.4245859914718
Fall River,3,B,892,271,1196,3512.8077215482763
Fall River,3,C,839,304,1171,3439.37946649919
Fall River,4,A,658,195,896,2631.6686609592434
Fall River,4,B,730,137,899,2640.480051565134
Fall River,4,C,811,110,997,2928.3188113575516
Fall River,5,A,561,90,665,1953.1915843056886
Fall River,5,B,444,74,535,1571.3646580504414
Fall River,5,B1,101,13,121,355.3927544375764
Fall River,5,C,656,134,804,2361.4526823786073
Fall River,6,A,905,372,1306,3835.892043764255
Fall River,6,B,742,191,965,2834.3306448947214
Fall River,6,C,794,280,1111,3263.151654381384
Fall River,6,C1,19,5,25,73.42825504908605
Fall River,7,A,814,359,1209,3550.990414173801
Fall River,7,B,621,223,873,2564.1146663140844
Fall River,7,C,802,186,1019,2992.935675800747
Fall River,8,A,724,234,1005,2951.8158529732586
Fall River,8,B,1130,469,1619,4755.213796978812
Fall River,8,C,1110,500,1664,4887.384656067167
Fall River,9,A,1214,651,1914,5621.667206558028
Fall River,9,B,786,348,1172,3442.3165967011537
Fall River,9,C,836,380,1287,3780.0865699269493
Falmouth,-,1,1703,686,2445,3924.721020210762
Falmouth,-,2,1301,775,2117,3398.2144784401567
Falmouth,-,3,1152,914,2096,3364.505218143868
Falmouth,-,4,1171,963,2168,3480.079824874001
Falmouth,-,5,1244,1126,2424,3891.0117599144737
Falmouth,-,6,1310,952,2301,3693.5718067504963
Falmouth,-,7,1095,924,2059,3305.11271190755
Falmouth,-,8,1049,1025,2104,3377.346841113883
Falmouth,-,9,1102,798,1929,3096.43633864481
Fitchburg,1,A,658,349,1038,2875.701504844362
Fitchburg,1,B,693,432,1167,3233.0863739435167
Fitchburg,2,A,583,246,846,2343.7798392084105
Fitchburg,2,B,812,599,1455,4030.9688723974436
Fitchburg,3,A,963,918,1920,5319.216656359514
Fitchburg,3,B,733,526,1290,3573.848690991548
Fitchburg,4,A,415,295,739,2047.3443276300418
Fitchburg,4,B,652,261,948,2626.3632240775096
Fitchburg,5,A,854,867,1763,4884.25987768845
Fitchburg,5,B,624,206,857,2374.2545179688036
Fitchburg,6,A,880,596,1517,4202.735243592387
Fitchburg,6,B,680,307,1013,2806.440871298014
Florida,-,1,255,127,393,752.0
Foxborough,-,1,943,795,1778,3065.109884493509
Foxborough,-,2,1030,1065,2132,3675.373607277931
Foxborough,-,3,969,1009,2029,3497.8109986711643
Foxborough,-,4,999,986,2012,3468.5045487069406
Foxborough,-,5,846,962,1832,3158.2009608504545
Framingham,-,1,1413,878,2336,5686.877668103909
Framingham,-,2,1413,820,2281,5552.982859993585
Framingham,-,3,1196,602,1842,4484.258846167551
Framingham,-,4,1361,826,2230,5428.825856109468
Framingham,-,5,1326,733,2105,5124.519474040551
Framingham,-,6,1345,773,2155,5246.242026868119
Framingham,-,7,1171,654,1855,4515.906709902719
Framingham,-,8,1328,540,1900,4625.457007447529
Framingham,-,9,924,450,1396,3398.493674945658
Framingham,-,10,752,290,1071,2607.2970815664758
Framingham,-,11,1389,857,2300,5599.237430068061
Framingham,-,12,685,321,1036,2522.091294587179
Framingham,-,13,1020,395,1447,3522.6506788297756
Framingham,-,14,720,200,944,2298.1217973844564
Framingham,-,15,760,234,1016,2473.402273456152
Framingham,-,16,452,118,586,1426.5883191390799
Framingham,-,17,583,62,651,1584.8276378149162
Framingham,-,18,661,225,912,2220.219363574814
Franklin,-,1,1068,996,2104,3793.4594779436907
Franklin,-,2,988,922,1962,3537.437022683233
Franklin,-,3,1127,984,2155,3885.4112048330103
Franklin,-,4,1041,1251,2339,4217.158611649379
Franklin,-,5,1163,1105,2308,4161.26638550097
Franklin,-,6,1103,854,2008,3620.3738743873246
Franklin,-,7,1128,1258,2427,4375.820414909381
Franklin,-,8,998,1196,2243,4044.0730080930125
Freetown,-,1,728,798,1565,2952.8930014890448
Freetown,-,2,851,687,1583,2986.855988087641
Freetown,-,3,739,762,1553,2930.2510104233143
Gardner,1,A,607,462,1094,2672.9595361758666
Gardner,1,B,204,214,431,1053.0580988042034
Gardner,2,A,536,334,889,2172.0850344244473
Gardner,2,B,526,452,1013,2475.053025727745
Gardner,3,A,471,262,762,1861.7871723638123
Gardner,3,B,581,388,999,2440.846962193502
Gardner,4,A,485,306,820,2003.4980070056772
Gardner,4,B,358,181,548,1338.9230583403794
Gardner,5,A,399,277,703,1717.633047469501
Gardner,5,B,532,455,1020,2492.156057494866
Georgetown,-,1,872,937,1832,3030.3731554477463
Georgetown,-,2,719,853,1615,2671.426116838488
Georgetown,-,3,682,789,1500,2481.200727713766
Gill,-,1,653,213,900,1500.0
Gloucester,1,1,1140,669,1845,3385.537956530053
Gloucester,1,2,948,536,1518,2785.4995219580596
Gloucester,2,1,770,371,1177,2159.7713684747278
Gloucester,2,2,835,311,1176,2157.936388552489
Gloucester,3,1,880,399,1304,2392.8138185990188
Gloucester,3,2,862,484,1381,2534.107272611384
Gloucester,4,1,998,623,1659,3044.23169099369
Gloucester,4,2,1292,624,1975,3624.085346421059
Gloucester,5,1,1038,759,1828,3354.343297851998
Gloucester,5,2,1017,759,1826,3350.673338007521
Goshen,-,1,395,198,616,1054.0
Gosnold,-,1,49,36,87,75.0
Grafton,-,1,983,892,1927,3592.1463798530954
Grafton,-,2,1002,925,1972,3676.0314795383
Grafton,-,3,944,875,1849,3446.745540398741
Grafton,-,4,846,725,1619,3017.9994753410283
Grafton,-,5,1102,1021,2163,4032.077124868835
Granby,-,1,1043,777,1871,3306.4401019541206
Granby,-,2,827,798,1660,2933.5598980458794
Granville,-,1,377,502,900,1566.0
Great Barrington,-,A,789,157,969,1901.070422535211
Great Barrington,-,B,751,169,944,1852.0231980115989
Great Barrington,-,C,599,93,718,1408.6362883181441
Great Barrington,-,D,789,178,990,1942.2700911350455
Greenfield,-,1,625,230,894,1841.5935803634648
Greenfield,-,2,792,350,1182,2434.8586263865946
Greenfield,-,3,684,201,928,1911.6318149634176
Greenfield,-,4,790,240,1066,2195.9046495161674
Greenfield,-,5,811,185,1050,2162.94548029266
Greenfield,-,6,741,146,948,1952.8307764928015
Greenfield,-,7,565,211,825,1699.4571630870898
Greenfield,-,8,623,125,789,1625.2990323341985
Greenfield,-,9,556,207,792,1631.4788765636063
Groton,-,1,1143,958,2242,3751.702609242376
Groton,-,2,1034,969,2081,3482.2895315938385
Groton,-,3,1052,887,2039,3412.0078591637853
Groveland,-,1,908,1038,1990,3211.7466266866563
Groveland,-,2,924,1046,2012,3247.253373313343
Hadley,-,1,2142,891,3130,5250.0
Halifax,-,1,975,1056,2075,3801.133040935673
Halifax,-,2,963,1015,2029,3716.8669590643276
Hamilton,-,1,828,785,1668,2859.428571428571
Hamilton,-,2,752,853,1635,2802.8571428571427
Hamilton,-,3,609,585,1226,2101.714285714286
Hampden,-,1,1286,1569,2918,5139.0
Hancock,-,1,228,142,383,717.0
Hanover,-,1,794,1208,2028,3352.3835159599807
Hanover,-,2,902,1223,2156,3563.9737970462124
Hanover,-,3,911,1153,2107,3482.9743925678895
Hanover,-,4,752,1327,2105,3479.6682944259173
Hanson,-,1,758,1030,1817,3297.7338666666665
Hanson,-,2,945,1054,2037,3697.0191999999997
Hanson,-,3,810,919,1771,3214.2469333333333
Hardwick,-,1,710,560,1322,2990.0
Harvard,-,1,2167,1362,3642,6520.0
Harwich,-,1,1165,942,2148,3205.1144424131626
Harwich,-,2,1121,929,2086,3112.601828153565
Harwich,-,3,1080,970,2091,3120.0625228519193
Harwich,-,4,1049,781,1880,2805.221206581353
Hatfield,-,1,1362,638,2049,3279.0
Haverhill,1,1,613,219,857,1855.1826974362623
Haverhill,1,2,804,360,1190,2576.0413184937597
Haverhill,1,3,714,401,1142,2472.1337695124985
Haverhill,2,1,661,445,1142,2472.1337695124985
Haverhill,2,2,667,592,1288,2788.185897663834
Haverhill,2,3,571,249,840,1818.3821071720656
Haverhill,3,1,599,112,730,1580.2606407566761
Haverhill,3,2,657,306,990,2143.093197738506
Haverhill,3,3,729,355,1109,2400.6973295878815
Haverhill,4,1,762,777,1578,3415.9606727589517
Haverhill,4,2,818,855,1710,3701.706432457419
Haverhill,4,3,824,756,1608,3480.90289087224
Haverhill,5,1,853,605,1496,3238.451943249298
Haverhill,5,2,778,801,1610,3485.232372079792
Haverhill,5,3,773,1009,1804,3905.1920492123886
Haverhill,6,1,754,566,1351,2924.564555701739
Haverhill,6,2,858,568,1465,3171.3449845322334
Haverhill,6,3,852,728,1617,3500.385556306226
Haverhill,7,1,783,712,1532,3316.3826049852432
Haverhill,7,2,761,587,1380,2987.3420332112505
Haverhill,7,3,761,891,1684,3645.4231767592364
Hawley,-,1,127,65,201,337.0
Heath,-,1,295,124,435,706.0
Hingham,-,1,1110,1003,2152,3345.8609220405588
Hingham,-,2,1139,1213,2388,3712.786190442776
Hingham,-,3,1164,1177,2373,3689.464669146025
Hingham,-,4,1021,1301,2355,3661.478843589923
Hingham,-,5,716,951,1685,2619.7842256683743
Hingham,-,5A,604,404,1010,1570.3157673145745
Hingham,-,6,1049,1200,2288,3557.3093817977688
Hinsdale,-,1,728,297,1067,2032.0
Holbrook,-,1,794,560,1384,2692.8856833754057
Holbrook,-,2,748,662,1439,2799.90064911648
Holbrook,-,3,722,655,1411,2745.420302921024
Holbrook,-,4,760,526,1312,2552.79336458709
Holden,-,1,978,1090,2125,3474.432085964747
Holden,-,2,1038,1012,2091,3418.8411725893106
Holden,-,3,984,1001,2031,3320.7395607503063
Holden,-,4,985,1067,2086,3410.666038269394
Holden,-,5,1095,1145,2276,3721.3211424262417
Holland,-,1,593,690,1334,2481.0
Holliston,-,1,1204,1040,2299,3736.150791746641
Holliston,-,2,1257,857,2162,3513.5093570057584
Holliston,-,3,1142,752,1927,3131.606166026871
Holliston,-,4,1034,862,1948,3165.733685220729
Holyoke,1,A,879,36,924,2223.7113028785225
Holyoke,1,B,803,80,900,2165.952567738821
Holyoke,2,A,780,124,921,2216.4914609860602
Holyoke,2,B,684,45,739,1778.4877195099873
Holyoke,3,A,1055,213,1300,3128.598153400519
Holyoke,3,B,974,447,1455,3501.623317844427
Holyoke,4,A,665,68,746,1795.334017259067
Holyoke,4,B,845,148,1015,2442.7131736165593
Holyoke,5,A,1034,734,1810,4355.971275119185
Holyoke,5,B,958,312,1290,3104.5320137589765
Holyoke,6,A,897,241,1159,2789.2655844547708
Holyoke,6,B,949,260,1254,3017.893911049424
Holyoke,7,A,954,588,1592,3831.329430933559
Holyoke,7,B,1059,360,1466,3528.0960714501234
Hopedale,-,1,1701,1536,3314,5911.0
Hopkinton,-,1,1059,1065,2158,3700.810065494657
Hopkinton,-,2,1065,1081,2193,3760.832471561531
Hopkinton,-,3,1058,1093,2185,3747.113064460531
Hopkinton,-,4,1026,1097,2167,3716.2443984832817
Hubbardston,-,1,1160,1381,2631,4382.0
Hudson,-,1,899,592,1526,2885.9263888888886
Hudson,-,2,708,521,1263,2388.548511904762
Hudson,-,3,845,745,1633,3088.281646825397
Hudson,-,4,862,753,1662,3143.1255952380952
Hudson,-,5,891,726,1649,3118.540376984127
Hudson,-,6,680,410,1121,2120.0022817460317
Hudson,-,7,757,438,1226,2318.5751984126982
Hull,-,1,1282,793,2120,3570.8001963672064
Hull,-,2,1105,753,1889,3181.7177221404027
Hull,-,3,1197,872,2102,3540.482081492391
Huntington,-,1,554,479,1113,2180.0
Ipswich,-,1,1214,771,2028,3175.9063354332584
Ipswich,-,2,1318,936,2308,3614.394389635089
Ipswich,-,3,885,1138,2066,3235.4154285035065
Ipswich,-,4,1047,913,2011,3149.2838464281467
Kingston,-,1,853,799,1680,3028.3642592063948
Kingston,-,2,761,1057,1848,3331.200685127034
Kingston,-,3,751,1027,1804,3251.8863831001995
Kingston,-,4,814,843,1674,3017.548672566372
Lakeville,-,1,823,1003,1890,3395.658362989324
Lakeville,-,2,782,1141,1962,3525.016776817489
Lakeville,-,3,817,1168,2049,3681.3248601931878
Lancaster,-,1,829,950,1827,3931.7352391130107
Lancaster,-,2,899,965,1916,4123.264760886989
Lanesborough,-,1,1144,430,1612,3091.0
Lawrence,A,1,768,180,967,3349.2000272084165
Lawrence,A,2,670,56,735,2545.669100308362
Lawrence,A,3,650,196,861,2982.0695175040814
Lawrence,A,4,633,88,732,2535.2786141846545
Lawrence,B,1,889,98,998,3456.5683838200616
Lawrence,B,2,804,45,852,2950.8980591329587
Lawrence,B,3,849,71,928,3214.1237076002176
Lawrence,B,4,981,41,1041,3605.4986849265374
Lawrence,C,1,699,61,764,2646.1104661708687
Lawrence,C,2,804,212,1043,3612.425675675676
Lawrence,C,3,745,24,775,2684.20891529113
Lawrence,C,4,882,62,953,3300.7110919644474
Lawrence,D,1,793,168,975,3376.90799020497
Lawrence,D,2,794,40,848,2937.0440776346813
Lawrence,D,3,633,35,681,2358.6403500816255
Lawrence,D,4,688,46,741,2566.4500725557773
Lawrence,E,1,865,470,1356,4696.499727915835
Lawrence,E,2,796,457,1276,4419.420097950299
Lawrence,E,3,680,172,863,2988.99650825322
Lawrence,E,4,729,160,901,3120.6093324868493
Lawrence,F,1,767,451,1241,4298.197759840377
Lawrence,F,2,719,94,823,2850.456693270452
Lawrence,F,3,705,95,810,2805.431253401052
Lawrence,F,4,735,140,888,3075.5838926174497
Lee,-,1,2198,719,3000,5943.0
Leicester,-,1,721,746,1504,2948.8614834673817
Leicester,-,2,670,586,1298,2544.9615728328868
Leicester,-,3,677,696,1407,2758.6756032171584
Leicester,-,4,696,646,1386,2717.501340482574
Lenox,-,1,2318,675,3079,5025.0
Leominster,1,A,703,824,1562,3391.3363873648323
Leominster,1,B,758,721,1512,3282.778884568263
Leominster,1,C,590,462,1078,2340.4997602940393
Leominster,2,A,570,305,899,1951.8639002823204
Leominster,2,B,671,492,1185,2572.812816278698
Leominster,2,C,451,268,736,1597.9664411655035
Leominster,3,A,592,397,1013,2199.375006658499
Leominster,3,B,682,729,1442,3130.7983806530656
Leominster,3,C,769,754,1544,3352.255686358067
Leominster,4,A,726,849,1612,3499.893890161402
Leominster,4,B,650,790,1478,3208.959782666596
Leominster,4,C,577,424,1021,2216.74420710595
Leominster,5,A,651,482,1164,2527.218665104139
Leominster,5,B,791,677,1502,3261.067384008949
Leominster,5,C,611,378,1025,2225.4288073296757
Leverett,-,1,1004,183,1242,1851.0
Lexington,-,1,1204,525,1762,2999.958132219752
Lexington,-,2,1609,528,2197,3740.583437279679
Lexington,-,3,1294,471,1794,3054.4409132816313
Lexington,-,4,1514,609,2174,3701.423938391453
Lexington,-,5,1455,683,2189,3726.962742014209
Lexington,-,6,1417,685,2135,3635.0230489722867
Lexington,-,7,1477,589,2106,3585.6480286349583
Lexington,-,8,1425,555,2027,3451.143662888443
Lexington,-,9,1355,648,2055,3498.8160963175874
Leyden,-,1,339,115,463,711.0
Lincoln,-,1,1627,581,2246,3810.4138666666668
Lincoln,-,2,986,493,1504,2551.5861333333332
Littleton,-,1,985,823,1851,3035.898548061018
Littleton,-,2,1044,823,1917,3144.1477669546043
Littleton,-,3,910,717,1673,2743.9536849843776
Longmeadow,-,A,1061,866,1956,3243.6965749106957
Longmeadow,-,B,899,770,1702,2822.4803530153395
Longmeadow,-,C,997,971,1994,3306.7131750367726
Longmeadow,-,D,933,1049,2007,3328.27148560622
Longmeadow,-,E,970,874,1859,3082.838411430973
Lowell,1,1,710,200,928,2888.1444515865132
Lowell,1,2,1033,920,1979,6159.092531993221
Lowell,1,3,978,744,1766,5496.188686963128
Lowell,2,1,518,132,675,2100.751621574242
Lowell,2,2,818,98,928,2888.1444515865132
Lowell,2,3,850,229,1120,3485.691579500964
Lowell,3,1,618,275,919,2860.1344299655234
Lowell,3,2,544,169,737,2293.7095482966165
Lowell,3,3,576,200,789,2455.545228773447
Lowell,4,1,754,286,1066,3317.631449775025
Lowell,4,2,526,143,676,2103.863846198796
Lowell,4,3,623,156,796,2477.330801145328
Lowell,5,1,610,383,1012,3149.5713200490854
Lowell,5,2,583,215,824,2564.4730906328523
Lowell,5,3,671,455,1157,3600.8438906094784
Lowell,6,1,721,506,1265,3936.9641500613566
Lowell,6,2,919,558,1500,4668.336936831649
Lowell,6,3,831,500,1367,4254.411061765909
Lowell,7,1,538,203,771,2399.5251855314673
Lowell,7,2,675,113,804,2502.2285981417635
Lowell,7,3,449,144,611,1901.5692456027582
Lowell,8,1,647,243,903,2810.3388359726523
Lowell,8,2,697,357,1076,3348.753696020569
Lowell,8,3,993,627,1659,5163.180652135803
Lowell,9,1,674,327,1031,3208.7035879156197
Lowell,9,2,794,448,1275,3968.0863963069014
Lowell,9,3,636,358,1025,3190.030240168293
Lowell,10,1,713,286,1021,3177.5813416700753
Lowell,10,2,506,101,616,1917.1303687255304
Lowell,10,3,457,112,580,1805.0902822415708
Lowell,11,1,646,284,951,2959.725617951265
Lowell,11,2,699,485,1224,3809.362940454625
Lowell,11,3,764,386,1175,3656.8639338514577
Ludlow,-,1,1017,696,1754,3805.7435739255607
Ludlow,-,2,742,491,1256,2725.2074850915074
Ludlow,-,3,851,923,1809,3925.079888957434
Ludlow,-,4,999,655,1681,3647.3517376105283
Ludlow,-,5,648,589,1263,2740.3957433682913
Ludlow,-,6,983,941,1963,4259.221571046679
Lunenburg,-,A,701,843,1589,2694.4609952925352
Lunenburg,-,B,682,626,1341,2273.928379287155
Lunenburg,-,C,678,822,1543,2616.458977807666
Lunenburg,-,D,690,749,1475,2501.1516476126426
Lynn,1,1,968,841,1834,5135.734445236692
Lynn,1,2,1094,793,1928,5398.961837740646
Lynn,1,3,1006,593,1634,4575.676163313389
Lynn,1,4,966,516,1516,4245.241776978641
Lynn,2,1,1139,695,1868,5230.944353163654
Lynn,2,2,879,241,1132,3169.929875685898
Lynn,2,3,701,111,822,2301.839538704777
Lynn,2,4,681,163,855,2394.249155222122
Lynn,3,1,949,371,1349,3777.5931115726817
Lynn,3,2,887,244,1154,3231.536286697461
Lynn,3,3,807,227,1066,2985.1106426512074
Lynn,3,4,907,274,1210,3388.3526056359856
Lynn,4,1,563,82,650,1820.189416250736
Lynn,4,2,624,89,729,2041.4124376104412
Lynn,4,3,846,158,1022,2861.897820628081
Lynn,4,4,906,287,1228,3438.757851009083
Lynn,5,1,784,295,1096,3069.119384939703
Lynn,5,2,529,77,618,1730.5800911430078
Lynn,5,3,567,64,639,1789.3862107449545
Lynn,5,4,1004,312,1342,3757.9910717053663
Lynn,6,1,692,215,938,2626.6733422202933
Lynn,6,2,492,86,590,1652.1719316737451
Lynn,6,3,761,186,966,2705.081501689556
Lynn,6,4,661,139,813,2276.6369160182285
Lynn,7,1,1105,488,1618,4530.871500759525
Lynn,7,2,1030,402,1463,4096.8263322689645
Lynn,7,3,755,251,1025,2870.2986948569305
Lynn,7,4,821,312,1152,3225.9357038782277
Lynnfield,-,1,738,1140,1895,3013.496982995063
Lynnfield,-,2,653,929,1598,2541.196928140428
Lynnfield,-,3,742,1028,1802,2865.6050466264396
Lynnfield,-,4,643,1323,1997,3175.701042238069
Malden,1,1,846,234,1108,3106.371138882339
Malden,1,2,985,348,1367,3832.499410516388
Malden,2,1,808,312,1140,3196.085828813959
Malden,2,2,905,461,1391,3899.7854279651024
Malden,3,1,1030,388,1459,4090.429144069795
Malden,3,2,1228,545,1818,5096.9158217401555
Malden,4,1,769,242,1042,2921.3345908983733
Malden,4,2,656,180,865,2425.1002122141003
Malden,5,1,1004,303,1336,3745.5883046451313
Malden,5,2,1122,611,1779,4987.576043385994
Malden,6,1,1063,449,1537,4309.108700778119
Malden,6,2,1013,437,1479,4146.500825277058
Malden,7,1,900,179,1101,3086.746050459797
Malden,7,2,976,288,1286,3605.409101626975
Malden,8,1,987,435,1449,4062.393303466164
Malden,8,2,718,318,1048,2938.156095260552
Manchester-by-the-Sea,-,1,1926,1559,3543,5136.0
Mansfield,-,1,966,1150,2168,4133.803108808291
Mansfield,-,2,1016,1033,2104,4011.7720207253883
Mansfield,-,3,995,1149,2202,4198.632124352332
Mansfield,-,4,935,1068,2060,3927.875647668394
Mansfield,-,5,970,730,1767,3369.2020725388597
Mansfield,-,6,1050,740,1858,3542.7150259067357
Marblehead,-,1,1210,922,2172,3386.5692695214107
Marblehead,-,2,1268,877,2178,3395.9244332493704
Marblehead,-,3,1166,797,1999,3116.828715365239
Marblehead,-,4,1096,1074,2204,3436.463476070529
Marblehead,-,5,1142,894,2064,3218.1763224181364
Marblehead,-,6,1109,946,2087,3254.0377833753146
Marion,-,1,1727,1458,3241,4907.0
Marlborough,1,1,706,430,1165,2666.3893347601215
Marlborough,1,2,844,791,1659,3797.0299625468165
Marlborough,2,1,758,603,1388,3176.7797396112005
Marlborough,2,2,693,450,1171,2680.1218120206886
Marlborough,3,1,557,298,885,2025.5403959336545
Marlborough,3,2,759,637,1428,3268.3295880149813
Marlborough,4,1,457,270,740,1693.672195469948
Marlborough,4,2,813,695,1536,3515.5141787051903
Marlborough,5,1,560,255,838,1917.9693240592119
Marlborough,5,2,711,489,1235,2826.601569466738
Marlborough,6,1,568,362,958,2192.6188692705546
Marlborough,6,2,850,668,1541,3526.9579097556625
Marlborough,7,1,688,429,1138,2604.5931870875693
Marlborough,7,2,623,493,1139,2606.8819332976636
Marshfield,-,1,1102,1027,2168,3595.2607060376113
Marshfield,-,2,1063,1215,2311,3832.4019795447043
Marshfield,-,3,1093,1017,2146,3558.777433190366
Marshfield,-,4,952,1068,2049,3397.9193665456946
Marshfield,-,5,857,989,1884,3124.294820191356
Marshfield,-,6,1066,1292,2389,3961.7517650940285
Marshfield,-,7,913,1266,2208,3661.593929396239
Mashpee,-,1,961,833,1827,3067.485255334452
Mashpee,-,2,736,782,1552,2605.767441860465
Mashpee,-,3,737,672,1432,2404.290577799089
Mashpee,-,4,847,616,1490,2501.671062095421
Mashpee,-,5,854,1159,2041,3426.785662910573
Mattapoisett,-,1,2041,1855,4078,6045.0
Maynard,-,1,854,544,1444,2508.692453154547
Maynard,-,2,963,470,1474,2560.8121024583115
Maynard,-,3,927,515,1477,2566.0240673886883
Maynard,-,4,891,494,1422,2470.471376998453
Medfield,-,1,892,875,1811,2915.0554216867467
Medfield,-,2,831,989,1850,2977.8313253012047
Medfield,-,3,908,1054,2002,3222.496385542169
Medfield,-,4,817,946,1807,2908.6168674698793
Medford,1,1,1100,508,1642,3300.982964712619
Medford,1,2,1132,533,1711,3439.696621573259
Medford,2,1,1096,643,1786,3590.472335552215
Medford,2,2,1164,732,1943,3906.096163481497
Medford,3,1,1237,762,2046,4113.161477345931
Medford,3,2,1199,854,2092,4205.637248586358
Medford,4,1,1023,234,1296,2605.4043375563665
Medford,4,2,1386,485,1936,3892.0237635101284
Medford,5,1,1219,376,1655,3327.1174218023048
Medford,5,2,1095,258,1395,2804.4282800085894
Medford,6,1,1683,462,2188,4398.630162479421
Medford,6,2,1250,646,1947,3914.137534893708
Medford,7,1,822,247,1084,2179.2116527091835
Medford,7,2,1019,486,1534,3083.8659365829217
Medford,8,1,1286,639,1976,3972.437477632238
Medford,8,2,1163,494,1711,3439.696621573259
Medway,-,1,810,927,1758,3073.0659355723096
Medway,-,2,943,830,1807,3158.720219328307
Medway,-,3,921,834,1802,3149.979986291981
Medway,-,4,953,935,1928,3370.233858807402
Melrose,1,1,771,447,1235,2131.235929905347
Melrose,1,2,721,380,1113,1920.7008825786647
Melrose,2,1,696,522,1231,2124.333141468406
Melrose,2,2,687,432,1129,1948.312036326426
Melrose,3,1,742,396,1165,2010.4371322588897
Melrose,3,2,655,356,1038,1791.2735993860324
Melrose,4,1,630,329,984,1698.0859554873368
Melrose,4,2,563,707,1295,2234.7777564594526
Melrose,5,1,595,301,919,1585.9156433870555
Melrose,5,2,691,368,1086,1874.107060629317
Melrose,6,1,654,351,1034,1784.3708109490917
Melrose,6,2,648,495,1163,2006.9857380404194
Melrose,7,1,654,433,1106,1908.621002814019
Melrose,7,2,661,454,1138,1963.8433103095422
Mendon,-,1,1524,1844,3438,5839.0
Merrimac,-,1,934,823,1808,3179.5516093229744
Merrimac,-,2,913,837,1796,3158.4483906770256
Methuen,-,1,905,836,1781,3883.405084902178
Methuen,-,2,892,175,1081,2357.080795496493
Methuen,-,3,932,785,1743,3800.547480620155
Methuen,-,4,936,759,1734,3780.923311184939
Methuen,-,5,947,518,1492,3253.251199704688
Methuen,-,6,957,746,1728,3767.8405315614614
Methuen,-,7,1001,952,1979,4315.136812476929
Methuen,-,8,873,1305,2218,4836.2675341454415
Methuen,-,9,829,1146,2010,4382.731173864895
Methuen,-,10,971,797,1797,3918.292497231451
Methuen,-,11,967,1191,2206,4810.101974898486
Methuen,-,12,882,988,1903,4149.421603912883
Middleborough,-,1,1099,1351,2505,4980.696714261139
Middleborough,-,2,794,786,1629,3238.944090830896
Middleborough,-,3,889,1125,2087,4149.586444176845
Middleborough,-,4,740,737,1532,3046.078788921383
Middleborough,-,5,892,1132,2093,4161.516256666093
Middleborough,-,6,810,922,1780,3539.1777051436434
Middlefield,-,1,202,77,294,521.0
Middleton,-,1,969,1344,2355,4545.615335051546
Middleton,-,2,952,1314,2301,4441.384664948454
Milford,-,1,709,411,1147,2479.7199444058374
Milford,-,2,892,599,1520,3286.115357887422
Milford,-,3,747,681,1457,3149.914523974983
Milford,-,4,832,443,1315,2842.922168172342
Milford,-,5,1098,1031,2168,4687.038220986796
Milford,-,6,946,673,1650,3567.164697706741
Milford,-,7,895,892,1823,3941.1765114662962
Milford,-,8,1040,789,1871,4044.9485753995828
Millbury,-,1,811,722,1571,3051.56452321664
Millbury,-,2,912,1034,1981,3847.962648308188
Millbury,-,3,881,832,1752,3403.1451589277867
Millbury,-,4,807,675,1523,2958.327669547385
Millis,-,1,806,738,1580,2611.0534031413613
Millis,-,2,815,720,1580,2611.0534031413613
Millis,-,3,800,775,1615,2668.8931937172774
Millville,-,1,717,813,1565,3190.0
Milton,-,1,1290,267,1578,2668.6750172230227
Milton,-,2,1247,425,1696,2868.2337320723996
Milton,-,3,981,715,1719,2907.130769712532
Milton,-,4,1112,487,1635,2765.072023548569
Milton,-,5,757,574,1360,2299.998747416547
Milton,-,6,851,903,1787,3022.1307070833595
Milton,-,7,823,716,1580,2672.0573683221646
Milton,-,8,886,807,1715,2900.3660675142482
Milton,-,9,742,977,1736,2935.880754055239
Milton,-,10,880,262,1161,1963.4548130519195
Monroe,-,1,32,21,53,121.0
Monson,-,A,751,677,1460,2896.9865554010203
Monson,-,B,668,678,1384,2746.18451553083
Monson,-,C,759,680,1470,2916.8289290681505
Montague,-,1,724,170,946,1876.652245473783
Montague,-,2,539,152,724,1436.253938396426
Montague,-,3,512,164,694,1376.7406536562428
Montague,-,4,538,176,739,1466.0105807665177
Montague,-,5,420,55,492,976.0178697390077
Montague,-,6,481,156,658,1305.3247119680225
Monterey,-,1,420,97,536,961.0
Montgomery,-,1,220,274,510,838.0
Mount Washington,-,1,83,19,110,167.0
Nahant,-,1,1374,898,2320,3410.0
Nantucket,-,1,3830,2187,6145,10172.0
Natick,-,1,940,381,1348,2358.5712468193383
Natick,-,2,1126,692,1855,3245.6599872773536
Natick,-,3,1218,732,1986,3474.868320610687
Natick,-,4,1121,576,1739,3042.696882951654
Natick,-,5,1149,816,2001,3501.1135496183206
Natick,-,6,1145,719,1907,3336.6434478371502
Natick,-,7,1251,640,1934,3383.8848600508904
Natick,-,8,1197,612,1852,3240.4109414758273
Natick,-,9,1248,677,1964,3436.375318066158
Natick,-,10,1290,947,2278,3985.775445292621
Needham,-,A,944,597,1572,2605.806955124526
Needham,-,B,1017,678,1746,2894.2359692413634
Needham,-,C,1035,749,1839,3048.3963043727763
Needham,-,D,1061,667,1756,2910.812349363021
Needham,-,E,1099,744,1873,3104.7559967864113
Needham,-,F,1176,618,1824,3023.53173419029
Needham,-,G,896,562,1483,2458.277172041777
Needham,-,H,1045,749,1825,3025.189372202456
Needham,-,I,1139,633,1812,3003.6400780443014
Needham,-,J,1040,617,1696,2811.354068633077
New Ashford,-,1,107,40,155,228.0
New Bedford,1,A,813,436,1279,3613.154097581268
New Bedford,1,B,806,346,1193,3370.2055030605575
New Bedford,1,C,789,334,1149,3245.906222142984
New Bedford,1,D,733,431,1197,3381.5054376894277
New Bedford,1,E,819,315,1150,3248.7312058002017
New Bedford,1,F,805,388,1227,3466.254947405955
New Bedford,2,A,280,55,340,960.4944434539728
New Bedford,2,B,509,137,663,1872.9641647352469
New Bedford,2,C,474,126,612,1728.889998217151
New Bedford,2,D,590,206,820,2316.486598918405
New Bedford,2,E,693,251,969,2737.4091638438226
New Bedford,2,F,725,244,996,2813.683722588697
New Bedford,3,A,423,79,509,1437.9166815237415
New Bedford,3,B,586,101,717,2025.5132822249955
New Bedford,3,C,549,94,664,1875.7891483924645
New Bedford,3,D,675,155,844,2384.2862066916264
New Bedford,3,E,896,272,1201,3392.8053723182984
New Bedford,3,F,854,306,1177,3325.005764545076
New Bedford,4,A,679,33,731,2065.0630534260413
New Bedford,4,B,1017,119,1162,3282.6310096868124
New Bedford,4,C,901,166,1095,3093.3571046532356
New Bedford,4,D,720,151,908,2565.085160753551
New Bedford,4,E,674,200,902,2548.1352588102454
New Bedford,4,F,820,109,948,2678.084507042254
New Bedford,5,A,588,133,734,2073.5380043976943
New Bedford,5,B,818,190,1026,2898.4332323052236
New Bedford,5,C,731,215,964,2723.2842455577343
New Bedford,5,D,912,231,1185,3347.605633802817
New Bedford,5,E,985,446,1468,4147.076008795389
New Bedford,5,F,931,344,1301,3675.3037380400547
New Bedford,6,A,766,294,1108,3130.081892197064
New Bedford,6,B,698,238,965,2726.109229214952
New Bedford,6,C,428,80,519,1466.1665180959171
New Bedford,6,D,410,75,495,1398.3669103226957
New Bedford,6,E,520,89,625,1765.6147857609794
New Bedford,6,F,636,161,811,2291.061746003447
New Braintree,-,1,284,257,560,999.0
New Marlborough,-,1,573,240,842,1509.0
New Salem,-,1,381,205,608,990.0
Newbury,-,1,1211,980,2245,3339.694264673064
Newbury,-,2,1080,1124,2236,3326.305735326936
Newburyport,1,P,270,191,466,733.6035433426738
Newburyport,1,1,970,462,1470,2314.157100244057
Newburyport,2,1,1300,499,1829,2879.3151947934557
Newburyport,3,1,1187,611,1833,2885.6122209165687
Newburyport,4,1,1222,744,2007,3159.5328572719877
Newburyport,5,1,854,767,1659,2611.6915845611497
Newburyport,6,1,991,789,1799,2832.0874988701075
Newton,1,1,867,423,1327,2499.6956262029603
Newton,1,2,1055,341,1432,2697.4861618105797
Newton,1,3,1038,276,1350,2543.0211720979623
Newton,1,4,815,501,1356,2554.3234884183976
Newton,2,1,996,402,1431,2695.6024424238403
Newton,2,2,817,260,1100,2072.0913254131547
Newton,2,3,1275,356,1671,3147.695095241256
Newton,2,4,1277,346,1655,3117.555585053428
Newton,3,1,1071,446,1561,2940.4859626999405
Newton,3,2,1098,386,1502,2829.3465188823257
Newton,3,3,939,460,1448,2727.625671998407
Newton,3,4,978,444,1443,2718.2070750647113
Newton,4,1,929,379,1333,2510.9979425233955
Newton,4,2,974,253,1256,2365.951549744475
Newton,4,3,736,247,997,1878.0682285790137
Newton,4,4,920,385,1338,2520.416539457092
Newton,5,1,923,351,1302,2452.602641534479
Newton,5,2,1131,263,1413,2661.695493462534
Newton,5,3,1331,418,1774,3341.7181920753965
Newton,5,4,1340,407,1774,3341.7181920753965
Newton,6,1,942,370,1353,2548.67233025818
Newton,6,2,1195,319,1537,2895.2766974181986
Newton,6,3,1349,246,1627,3064.8114422247295
Newton,6,4,1328,350,1724,3247.532222738435
Newton,7,1,916,460,1400,2637.2071414349243
Newton,7,2,1249,501,1780,3353.020508395832
Newton,7,3,578,215,812,1529.5801420322562
Newton,7,4,490,262,762,1435.3941726952942
Newton,8,1,975,615,1626,3062.92772283799
Newton,8,2,876,651,1555,2929.183646379505
Newton,8,3,1043,507,1583,2981.9277892082036
Newton,8,4,648,314,979,1844.1612796177076
Norfolk,-,1,540,700,1263,2469.900888346978
Norfolk,-,2,1033,1305,2386,4666.020205539105
Norfolk,-,3,860,1198,2092,4091.078906113917
North Adams,1,1,886,255,1175,2771.794871794872
North Adams,2,2,872,209,1123,2649.128205128205
North Adams,3,3,786,168,1006,2373.1282051282055
North Adams,4,4,991,329,1348,3179.897435897436
North Adams,5,5,930,191,1159,2734.051282051282
North Andover,-,1,934,766,1721,3180.1989180733885
North Andover,-,2,1021,986,2054,3795.5424623606855
North Andover,-,3,969,894,1891,3494.3382650068434
North Andover,-,4,992,1165,2193,4052.397575441569
North Andover,-,5,657,729,1406,2598.1171869908103
North Andover,-,6,839,1352,2227,4115.22544482826
North Andover,-,7,873,956,1845,3409.3358534836734
North Andover,-,8,788,1197,2006,3706.8442938147687
North Attleborough,-,1,653,550,1232,2467.6096267875832
North Attleborough,-,2,763,829,1641,3286.8079525636554
North Attleborough,-,3,659,1013,1706,3416.998395535403
North Attleborough,-,4,706,546,1303,2609.8176491105683
North Attleborough,-,5,723,690,1449,2902.245413324032
North Attleborough,-,6,770,901,1713,3431.0189047785143
North Attleborough,-,7,889,1027,1954,3913.725008719917
North Attleborough,-,8,733,933,1691,3386.954447157307
North Attleborough,-,9,755,870,1646,3296.8226020230204
North Brookfield,-,1,1051,1273,2386,4680.0
North Reading,-,1,928,1274,2250,3805.8836892321674
North Reading,-,2,1013,998,2051,3469.2744207178557
North Reading,-,3,1017,1148,2219,3753.4470695138575
North Reading,-,4,1031,1222,2284,3863.3948205361203
Northampton,1,A,759,98,927,1611.0624581481707
Northampton,1,B,1108,223,1402,2436.579898946856
Northampton,2,A,1127,90,1278,2221.076398612041
Northampton,2,B,695,37,800,1390.345163450417
Northampton,3,A,1068,131,1316,2287.117793875936
Northampton,3,B,1000,101,1220,2120.276374261886
Northampton,4,A,833,69,970,1685.7935106836305
Northampton,4,B,921,112,1115,1937.7935715590188
Northampton,5,A,883,139,1083,1882.1797650210021
Northampton,5,B,982,151,1204,2092.469470992877
Northampton,6,A,955,273,1279,2222.814330066354
Northampton,6,B,976,292,1320,2294.0695196931883
Northampton,7,A,1006,222,1271,2208.91087843185
Northampton,7,B,946,244,1242,2158.5108662567723
Northborough,-,1,1133,991,2171,3611.105170387779
Northborough,-,2,1066,908,2038,3389.8813160987074
Northborough,-,3,1154,990,2198,3656.015276145711
Northborough,-,4,1045,990,2103,3497.9982373678026
Northbridge,-,1,892,984,1926,3914.048647949282
Northbridge,-,2,909,963,1911,3883.5654030275587
Northbridge,-,3,781,897,1728,3511.6698149825334
Northbridge,-,4,863,1265,2164,4397.7161340406265
Northfield,-,1,1115,474,1638,3032.0
Norton,-,1,960,1008,2011,4192.2818490524705
Norton,-,2,927,1034,2008,4186.02782341987
Norton,-,3,1104,849,1990,4148.503669624274
Norton,-,4,928,964,1931,4025.5078321831525
Norton,-,5,556,602,1189,2478.678825720232
Norwell,-,1,910,1124,2078,3353.528110599078
Norwell,-,2,896,1291,2210,3566.552995391705
Norwell,-,3,923,1273,2222,3585.9188940092163
Norwood,-,1,987,748,1776,3400.077108433735
Norwood,-,2,942,703,1671,3199.0590361445784
Norwood,-,3,962,733,1734,3319.6698795180723
Norwood,-,4,957,941,1941,3715.9626506024097
Norwood,-,5,781,437,1246,2385.4144578313253
Norwood,-,6,763,551,1346,2576.860240963855
Norwood,-,7,876,669,1577,3019.1
Norwood,-,8,1078,696,1815,3474.740963855422
Norwood,-,9,889,911,1834,3511.115662650602
Oak Bluffs,-,1,1969,796,2808,4527.0
Oakham,-,1,509,609,1152,1902.0
Orange,-,1,867,660,1593,3819.9837870908536
Orange,-,2,951,665,1676,4019.016212909147
Orleans,-,1,2530,1943,4548,5890.0
Otis,-,1,489,312,834,1612.0
Oxford,-,1,796,862,1691,3543.010698456366
Oxford,-,2,740,791,1572,3293.6799633195783
Oxford,-,3,833,822,1696,3553.486779764634
Oxford,-,4,757,788,1584,3318.8225584594225
Palmer,-,1,731,592,1359,2911.800211789622
Palmer,-,1A,95,78,181,387.8115072361455
Palmer,-,2,775,730,1554,3329.6081891987296
Palmer,-,3,682,477,1195,2560.4129897635016
Palmer,-,4,735,591,1377,2950.3671020120014
Paxton,-,1,1124,1362,2560,4806.0
Peabody,1,1,920,622,1575,2976.852227467178
Peabody,1,2,881,870,1780,3364.315533264493
Peabody,1,3,909,746,1675,3165.858718100015
Peabody,2,1,746,302,1066,2014.809190146039
Peabody,2,2,706,314,1053,1990.2383463637705
Peabody,2,3,768,595,1403,2651.761063578699
Peabody,3,1,674,229,928,1753.9802330727246
Peabody,3,2,831,380,1236,2336.1202242218615
Peabody,3,3,833,546,1404,2653.651128485027
Peabody,4,1,912,629,1572,2971.182032748193
Peabody,4,2,720,611,1343,2538.357169198997
Peabody,4,3,468,351,835,1578.2041967841865
Peabody,4,3A,766,564,1342,2536.4671042926684
Peabody,5,1,912,810,1751,3309.5036509809706
Peabody,5,2,767,647,1437,2716.023270393863
Peabody,5,3,777,696,1499,2833.207294586222
Peabody,6,1,803,944,1778,3360.535403451837
Peabody,6,2,828,884,1734,3277.3725475733886
Peabody,6,3,806,882,1705,3222.560665289866
Pelham,-,1,728,132,894,1321.0
Pembroke,-,1,972,1105,2109,3822.602682654202
Pembroke,-,2,936,949,1920,3480.0365816482063
Pembroke,-,3,964,945,1951,3536.2246722894015
Pembroke,-,4,889,1010,1936,3509.0368864952748
Pembroke,-,5,822,1070,1925,3489.099176912915
Pepperell,-,1,950,1157,2158,3800.632046568627
Pepperell,-,2,1037,1152,2248,3959.138480392157
Pepperell,-,3,949,1117,2122,3737.229473039216
Peru,-,1,324,136,475,847.0
Petersham,-,1,451,338,822,1234.0
Phillipston,-,1,464,469,955,1682.0
Pittsfield,1,A,906,227,1168,2588.951890204628
Pittsfield,1,B,1135,307,1467,3251.705841549819
Pittsfield,2,A,664,75,771,1708.974235742952
Pittsfield,2,B,1180,272,1481,3282.7377991378885
Pittsfield,3,A,1298,319,1652,3661.770995392162
Pittsfield,3,B,1455,372,1878,4162.715453599564
Pittsfield,4,A,1262,397,1695,3757.083436555517
Pittsfield,4,B,1427,566,2033,4506.283555467473
Pittsfield,5,A,1108,217,1373,3043.3484120299263
Pittsfield,5,B,1176,302,1515,3358.101124708913
Pittsfield,6,A,1209,316,1553,3442.33072387653
Pittsfield,6,B,799,217,1040,2305.2311351137096
Pittsfield,7,A,816,182,1020,2260.899767130754
Pittsfield,7,B,1213,288,1537,3406.865629490165
Plainfield,-,1,287,83,392,648.0
Plainville,-,1,742,734,1521,2800.7005347593586
Plainville,-,2,671,720,1426,2625.7718360071303
Plainville,-,3,674,827,1541,2837.5276292335116
Plymouth,-,1,864,593,1499,2810.1833272467716
Plymouth,-,2,1094,817,1947,3650.0513263171874
Plymouth,-,3,981,682,1702,3190.7485143255535
Plymouth,-,4,975,802,1804,3381.968460542479
Plymouth,-,5,1056,1127,2208,4139.349423989907
Plymouth,-,6,1122,908,2066,3873.141263570267
Plymouth,-,7,1029,932,2004,3756.9095315560576
Plymouth,-,8,1055,1083,2184,4094.3564954682784
Plymouth,-,9,819,845,1701,3188.8738089704857
Plymouth,-,10,676,660,1368,2564.5969257328775
Plymouth,-,11,1140,1176,2357,4418.680521895023
Plymouth,-,12,955,1056,2051,3845.020683244248
Plymouth,-,13,1061,955,2055,3852.51950466452
Plymouth,-,14,940,1085,2055,3852.51950466452
Plymouth,-,15,1466,1626,3120,5849.080707811826
Plympton,-,1,780,930,1752,2820.0
Princeton,-,1,1115,1149,2330,3413.0
Provincetown,-,1,2121,210,2390,2942.0
Quincy,1,1,785,464,1271,2886.1653049170645
Quincy,1,2,758,303,1090,2475.1535659792294
Quincy,1,3,890,497,1429,3244.9490328296497
Quincy,1,4,927,774,1741,3953.433356302604
Quincy,1,5,1031,766,1848,4196.4071467244175
Quincy,2,1,835,474,1354,3074.6403012255746
Quincy,2,2,894,438,1364,3097.348132106118
Quincy,2,3,450,172,628,1426.0517792981248
Quincy,2,3A,72,81,158,358.7837279125855
Quincy,2,4,716,358,1103,2504.6737461239354
Quincy,2,5,895,486,1422,3229.053551213269
Quincy,3,1,942,550,1524,3460.6734261948122
Quincy,3,2,841,486,1363,3095.0773490180636
Quincy,3,3,663,317,1004,2279.8662204065563
Quincy,3,4,897,693,1610,3655.9607717674853
Quincy,3,5,708,310,1048,2379.780676280947
Quincy,4,1,802,478,1312,2979.267411527292
Quincy,4,2,930,620,1579,3585.566496037801
Quincy,4,3,840,749,1609,3653.6899886794313
Quincy,4,4,777,299,1102,2502.4029630358814
Quincy,4,5,824,408,1270,2883.89452182901
Quincy,5,1,810,364,1213,2754.459885809913
Quincy,5,2,837,388,1249,2836.208076979869
Quincy,5,3,923,534,1498,3401.6330659053992
Quincy,5,4,751,498,1285,2917.9562681498255
Quincy,5,5,881,590,1495,3394.8207166412362
Quincy,6,1,822,435,1274,2892.977654181228
Quincy,6,2,636,310,968,2198.1180292366
Quincy,6,3,923,716,1669,3789.936973962691
Quincy,6,4,827,372,1233,2799.8755475709995
Quincy,6,5,962,920,1921,4362.174312152384
Randolph,-,1,967,304,1287,2720.567704561912
Randolph,-,2,952,221,1183,2500.7238496478176
Randolph,-,3,899,277,1185,2504.9516160884737
Randolph,-,4,997,316,1331,2813.578566256336
Randolph,-,5,861,302,1179,2492.2683167665064
Randolph,-,6,843,256,1113,2352.75202422487
Randolph,-,7,964,325,1302,2752.275952866829
Randolph,-,8,1055,258,1346,2845.2868145612533
Randolph,-,9,983,223,1217,2572.5958791389635
Randolph,-,10,990,337,1338,2828.375748798631
Randolph,-,11,990,358,1373,2902.3616615101046
Randolph,-,12,940,375,1337,2826.261865578303
Raynham,-,1,699,810,1530,2918.4706385404793
Raynham,-,1A,128,123,260,495.9492588369441
Raynham,-,2,683,819,1537,2931.823118586089
Raynham,-,2A,110,195,309,589.4166191562143
Raynham,-,3,792,882,1704,3250.375142531357
Raynham,-,4,810,829,1676,3196.9652223489165
Reading,-,1,1008,1076,2122,3634.629983388704
Reading,-,2,984,776,1797,3077.9595099667777
Reading,-,3,907,827,1755,3006.020556478405
Reading,-,4,927,866,1818,3113.9289867109637
Reading,-,5,1014,703,1760,3014.5847176079733
Reading,-,6,769,620,1411,2416.8062707641197
Reading,-,7,1053,890,1977,3386.2693106312295
Reading,-,8,853,925,1808,3096.8006644518273
Rehoboth,-,1,897,1074,2035,3724.7366761274047
Rehoboth,-,2,1013,1077,2155,3944.377168085777
Rehoboth,-,3,1004,1096,2152,3938.886155786818
Revere,1,1,749,343,1123,3226.4275008326854
Revere,1,2,643,271,941,2703.533640501832
Revere,1,3,648,282,962,2763.8675474630845
Revere,2,1,512,165,691,1985.272843344066
Revere,2,2,495,161,677,1945.0502387032307
Revere,2,3,283,45,335,962.4694681914067
Revere,2,3A,100,42,149,428.0834351060286
Revere,3,1,595,373,990,2844.312756744754
Revere,3,2,668,290,984,2827.0744976129677
Revere,3,3,658,317,995,2858.6779726879095
Revere,4,1,680,373,1073,3082.775341401132
Revere,4,2,664,297,980,2815.5823248584434
Revere,4,3,752,436,1213,3485.001387809482
Revere,5,1,524,362,915,2628.834517597424
Revere,5,1A,355,204,574,1649.126790274231
Revere,5,2,323,178,512,1470.998112579105
Revere,5,2A,329,91,425,1221.0433551682024
Revere,5,3,653,349,1022,2936.250138780948
Revere,6,1,675,535,1230,3533.8431220162097
Revere,6,2,772,576,1382,3970.545686688132
Revere,6,3,587,231,841,2416.229321638725
Richmond,-,1,702,228,945,1475.0
Rochester,-,1,1366,1704,3146,5232.0
Rockland,-,1,813,686,1539,3047.850866266561
Rockland,-,2,865,756,1647,3261.735137583513
Rockland,-,3,629,496,1151,2279.4518174612163
Rockland,-,4,746,571,1343,2659.690522024686
Rockland,-,5,819,733,1579,3127.0672630506174
Rockland,-,6,725,809,1572,3113.2043936134073
Rockport,-,1,806,409,1244,1811.5391705069126
Rockport,-,2,994,542,1606,2338.691244239631
Rockport,-,3,1182,720,1924,2801.769585253456
Rowe,-,1,140,92,243,393.0
Rowley,-,1,1596,1935,3594,5856.0
Royalston,-,1,225,170,408,757.0265486725664
Royalston,-,2,166,97,270,500.9734513274336
Russell,-,1,388,386,797,1775.0
Rutland,-,1,653,791,1477,2608.2217054263565
Rutland,-,2,659,843,1536,2712.4093023255814
Rutland,-,3,763,698,1502,2652.368992248062
Salem,1,1,1179,482,1704,3549.3203002972737
Salem,1,2,703,45,761,1585.1131153322922
Salem,2,1,1160,400,1605,3343.1097898926787
Salem,2,2,1288,383,1733,3609.7253993046806
Salem,3,1,920,322,1268,2641.1608807376433
Salem,3,2,881,462,1370,2853.620194487832
Salem,4,1,874,474,1375,2864.034866730488
Salem,4,2,839,603,1460,3041.084294855646
Salem,5,1,1081,431,1551,3230.631329671991
Salem,5,2,906,275,1216,2532.848289414017
Salem,6,1,1026,519,1604,3341.026855444148
Salem,6,2,854,408,1316,2741.141734267144
Salem,7,1,975,425,1444,3007.7573436791454
Salem,7,2,919,496,1440,2999.42560588502
Salisbury,-,1,793,600,1432,2749.47983310153
Salisbury,-,2,810,690,1531,2939.5625869262867
Salisbury,-,3,677,649,1351,2593.957579972184
Sandisfield,-,1,294,154,461,915.0
Sandwich,-,1,1242,1043,2314,3811.5001593371576
Sandwich,-,2,1078,1186,2290,3771.968610579987
Sandwich,-,3,928,1084,2048,3373.3588272785214
Sandwich,-,4,956,1074,2056,3386.536010197578
Sandwich,-,5,874,1051,1957,3223.4683715742513
Sandwich,-,6,767,1073,1887,3108.168021032505
Saugus,-,1,719,579,1323,2548.935967006729
Saugus,-,2,710,585,1318,2539.3028000868244
Saugus,-,3,714,626,1366,2631.7812025179073
Saugus,-,4,609,653,1280,2466.0907314955502
Saugus,-,5,706,775,1505,2899.583242891252
Saugus,-,6,727,589,1340,2581.688734534404
Saugus,-,7,650,815,1492,2874.537008899501
Saugus,-,8,767,635,1423,2741.599305404819
Saugus,-,9,723,764,1512,2913.069676579119
Saugus,-,10,665,569,1262,2431.411330583894
Savoy,-,1,241,103,359,692.0
Scituate,-,1,905,1020,1969,3109.2812853783853
Scituate,-,2,841,1042,1918,3028.746320647914
Scituate,-,3,951,917,1890,2984.5310458939302
Scituate,-,4,930,1031,1989,3140.8636244883737
Scituate,-,5,984,882,1904,3006.6386832709222
Scituate,-,6,971,805,1813,2862.939040320474
Seekonk,-,1,917,842,1810,3383.7629427792917
Seekonk,-,2,1020,953,2000,3738.9645776566763
Seekonk,-,3,871,747,1662,3107.079564032698
Seekonk,-,4,980,848,1868,3492.192915531335
Sharon,-,1,1424,709,2177,3687.3748797845737
Sharon,-,2,1189,765,1979,3352.0050009617235
Sharon,-,3,1380,812,2224,3766.982881323331
Sharon,-,4,1430,678,2146,3634.86747451433
Sharon,-,5,1141,701,1872,3170.7697634160413
Sheffield,-,1,1291,503,1842,3257.0
Shelburne,-,1,873,226,1152,1893.0
Sherborn,-,1,1452,1182,2689,4119.0
Shirley,-,1,1554,1483,3146,7211.0
Shrewsbury,-,1,1097,1050,2190,4272.023666045799
Shrewsbury,-,2,1012,730,1785,3481.9918921880135
Shrewsbury,-,3,899,562,1490,2906.536649501479
Shrewsbury,-,4,933,754,1725,3364.950147912786
Shrewsbury,-,5,902,681,1610,3140.6201380519337
Shrewsbury,-,6,1140,794,1973,3848.722690917059
Shrewsbury,-,7,995,1182,2203,4297.382710638764
Shrewsbury,-,8,1079,1055,2156,4205.700010956502
Shrewsbury,-,9,726,571,1318,2571.016982579161
Shrewsbury,-,10,971,801,1804,3519.0551112085022
Shutesbury,-,1,1028,156,1259,1771.0
Somerset,-,1,1251,782,2085,3747.677122501484
Somerset,-,2,1281,849,2188,3932.814169800119
Somerset,-,3,1302,733,2084,3745.8796754403324
Somerset,-,4,1184,665,1914,3440.313675044528
Somerset,-,5,1116,668,1835,3298.3153572135366
Somerville,1,1,896,179,1121,2392.7932938856015
Somerville,1,2,940,250,1251,2670.280473372781
Somerville,1,3,858,181,1095,2337.2958579881656
Somerville,2,1,1352,133,1573,3357.594871794872
Somerville,2,2,1679,195,2005,4279.706114398422
Somerville,2,3,1518,215,1812,3867.744378698225
Somerville,3,1,1392,175,1657,3536.8942800788955
Somerville,3,2,1468,257,1800,3842.130177514793
Somerville,3,3,1560,270,1946,4153.7696252465485
Somerville,4,1,947,265,1247,2661.7424063116373
Somerville,4,2,1043,193,1297,2768.468244575937
Somerville,4,3,1165,250,1490,3180.4299802761343
Somerville,5,1,1418,292,1794,3829.3230769230768
Somerville,5,2,1477,231,1805,3852.802761341223
Somerville,5,3,1725,263,2080,4439.794871794872
Somerville,6,1,1874,240,2227,4753.568836291914
Somerville,6,2,1731,242,2096,4473.947140039448
Somerville,6,3,1276,200,1563,3336.2497041420115
Somerville,7,1,1701,288,2069,4416.315187376726
Somerville,7,2,1456,215,1752,3739.6733727810647
Somerville,7,3,1377,351,1810,3863.475345167653
South Hadley,-,A,1146,553,1753,3442.318869828456
South Hadley,-,B,1121,721,1874,3679.923309788093
South Hadley,-,C,1135,857,2032,3990.183652875883
South Hadley,-,D,880,378,1295,2542.9566094853685
South Hadley,-,E,1155,764,1965,3858.6175580222002
Southampton,-,1,1866,1590,3556,5792.0
Southborough,-,1,1059,986,2080,3462.6487131412987
Southborough,-,2,907,930,1879,3128.036986534856
Southborough,-,3,990,875,1908,3176.314300323845
Southbridge,-,1,880,455,1375,3414.3212535274024
Southbridge,-,2,810,330,1161,2882.928709342046
Southbridge,-,3,859,530,1423,3533.512104559632
Southbridge,-,4,950,749,1736,4310.73577899896
Southbridge,-,5,785,231,1038,2577.5021535719593
Southwick,-,1,685,1113,1852,3563.731065208586
Southwick,-,2,643,763,1439,2769.011340623734
Southwick,-,3,722,896,1647,3169.257594167679
Spencer,-,1,659,690,1389,2912.041614349776
Spencer,-,2,586,602,1224,2566.118744394619
Spencer,-,3,673,752,1483,3109.112825112107
Spencer,-,4,699,741,1479,3100.7268161434977
Springfield,1,A,779,9,799,2193.9066788655077
Springfield,1,B,747,30,790,2169.1943383025673
Springfield,1,C,560,30,611,1677.6933426618589
Springfield,1,D,614,50,678,1861.6629890748613
Springfield,1,E,765,40,819,2248.822991227598
Springfield,1,F,607,39,662,1817.729939185189
Springfield,1,G,682,69,768,2108.786394704268
Springfield,1,H,639,56,711,1952.2749044723105
Springfield,2,A,640,78,737,2023.6661105430278
Springfield,2,B,839,222,1081,2968.226683170981
Springfield,2,C,730,114,872,2394.3512189871376
Springfield,2,D,727,190,954,2619.5080996717074
Springfield,2,E,731,230,998,2740.3239868683063
Springfield,2,F,775,151,948,2603.033205963081
Springfield,2,G,818,283,1128,3097.280017221893
Springfield,2,H,738,210,967,2655.2037027070664
Springfield,3,A,617,69,709,1946.7832732361014
Springfield,3,B,562,36,620,1702.4056832247995
Springfield,3,C,463,47,519,1425.0783057962435
Springfield,3,D,571,29,612,1680.4391582799635
Springfield,3,E,504,41,554,1521.1818524299015
Springfield,3,F,513,91,613,1683.184973898068
Springfield,3,G,465,48,527,1447.0448307410795
Springfield,3,H,567,79,668,1834.2048328938163
Springfield,4,A,801,73,886,2432.792637640601
Springfield,4,B,875,36,921,2528.8961842742588
Springfield,4,C,700,12,724,1987.970507507669
Springfield,4,D,718,25,749,2056.615897960282
Springfield,4,E,703,21,739,2029.1577417792366
Springfield,4,F,257,29,294,807.2697917227275
Springfield,4,G,872,42,925,2539.8794467466764
Springfield,4,H,761,18,787,2160.9568914482534
Springfield,5,A,759,63,843,2314.722566062106
Springfield,5,B,812,146,981,2693.6451213605296
Springfield,5,C,710,199,919,2523.4045530380495
Springfield,5,D,765,366,1168,3207.112641946074
Springfield,5,E,929,178,1130,3102.7716484581024
Springfield,5,F,779,214,1027,2819.952639793337
Springfield,5,G,750,421,1201,3297.724557343523
Springfield,5,H,656,306,983,2699.136752596739
Springfield,6,A,605,133,761,2089.5656853775363
Springfield,6,B,688,262,985,2704.6283838329473
Springfield,6,C,676,228,932,2559.1001560734085
Springfield,6,D,738,400,1165,3198.8751950917604
Springfield,6,E,588,120,736,2020.9202949249234
Springfield,6,F,600,111,735,2018.1744793068187
Springfield,6,G,615,180,816,2240.585544373285
Springfield,6,H,699,347,1086,2981.9557612615035
Springfield,7,A,697,358,1079,2962.735051934772
Springfield,7,B,812,479,1334,3662.9180345514233
Springfield,7,C,781,450,1264,3470.7109412841073
Springfield,7,D,718,369,1132,3108.2632796943117
Springfield,7,E,728,174,921,2528.8961842742588
Springfield,7,F,781,487,1287,3533.864700500511
Springfield,7,G,793,515,1343,3687.630375114364
Springfield,7,H,397,196,603,1655.7268177170229
Springfield,8,A,706,238,964,2646.966255852753
Springfield,8,B,737,164,916,2515.1671061837365
Springfield,8,C,836,124,970,2663.4411495613795
Springfield,8,D,499,81,599,1644.7435552446045
Springfield,8,E,500,154,690,1894.6127764921157
Springfield,8,F,688,200,914,2509.675474947527
Springfield,8,G,730,237,996,2734.8323556320975
Springfield,8,H,757,118,893,2452.013346967332
Sterling,-,1,1047,1317,2428,3914.479454883337
Sterling,-,2,1003,1362,2415,3893.520545116663
Stockbridge,-,1,945,226,1217,1947.0
Stoneham,-,1,988,659,1677,2870.2474251497006
Stoneham,-,2,1068,749,1845,3157.785628742515
Stoneham,-,3,1063,889,1988,3402.5354091816366
Stoneham,-,4,836,803,1666,2851.4205189620757
Stoneham,-,5,900,936,1873,3205.708662674651
Stoneham,-,6,918,826,1775,3037.9780439121755
Stoneham,-,7,923,747,1701,2911.324311377246
Stoughton,-,1,1147,706,1889,3640.8047751804993
Stoughton,-,2,997,705,1741,3355.553792265351
Stoughton,-,3,991,707,1730,3334.3527056973335
Stoughton,-,4,1055,1010,2103,4053.262277503753
Stoughton,-,5,906,588,1519,2927.67731789263
Stoughton,-,6,1263,837,2132,4109.156051183072
Stoughton,-,7,958,586,1583,3051.0290942883694
Stoughton,-,8,802,455,1292,2490.163985988991
Stow,-,1,1216,1020,2287,3514.7691231343283
Stow,-,2,1138,815,2001,3075.2308768656717
Sturbridge,-,1,870,810,1729,3024.6077765194414
Sturbridge,-,2,837,977,1864,3260.7685919214796
Sturbridge,-,3,827,837,1705,2982.623631559079
Sudbury,-,1,898,715,1629,2693.7457627118647
Sudbury,-,1A,299,315,622,1028.5511752036707
Sudbury,-,2,1211,801,2044,3379.997752598558
Sudbury,-,3,1199,917,2144,3545.35967787246
Sudbury,-,4,1296,798,2135,3530.477104597809
Sudbury,-,5,1230,841,2105,3480.8685270156384
Sunderland,-,1,1366,404,1877,3684.0
Sutton,-,1,766,1126,1934,3208.89337282488
Sutton,-,2,707,1018,1771,2938.4437245464646
Sutton,-,3,716,953,1697,2815.6629026286564
Swampscott,-,1,760,522,1312,2179.3426506024093
Swampscott,-,2,847,512,1390,2308.907228915663
Swampscott,-,3,804,408,1238,2056.422409638554
Swampscott,-,4,858,549,1426,2368.706265060241
Swampscott,-,5,799,559,1384,2298.940722891566
Swampscott,-,6,868,659,1550,2574.6807228915663
Swansea,-,1,873,722,1620,3235.309667673716
Swansea,-,2,945,610,1594,3183.3849446122863
Swansea,-,3,951,569,1551,3097.509441087613
Swansea,-,4,907,685,1613,3221.3299345417927
Swansea,-,5,840,691,1566,3127.466012084592
Taunton,1,A,821,433,1290,3102.3742090991263
Taunton,1,B,891,753,1684,4049.92106056041
Taunton,2,A,629,192,841,2022.5555890328415
Taunton,2,B,762,372,1169,2811.376318168123
Taunton,3,A,919,502,1456,3501.5944561614942
Taunton,3,B,1026,651,1710,4112.449532991865
Taunton,4,A,879,751,1672,4021.061765592046
Taunton,4,B,853,619,1504,3617.0316360349507
Taunton,5,A,733,391,1152,2770.4923169629405
Taunton,5,B,842,353,1218,2929.218439288942
Taunton,6,A,681,347,1050,2525.1883097318473
Taunton,6,B,907,450,1394,3352.488098824947
Taunton,7,A,1039,682,1753,4215.862006628503
Taunton,7,B,906,875,1816,4367.3733052124135
Taunton,8,A,910,764,1716,4126.879180476047
Taunton,8,B,971,790,1808,4348.133775233504
Templeton,-,A,611,709,1357,2850.9808599895123
Templeton,-,B,637,596,1269,2666.0977975878345
Templeton,-,C,612,552,1188,2495.9213424226537
Tewksbury,-,1,898,999,1925,3428.8655513869244
Tewksbury,-,1A,942,1121,2094,3729.8932283658282
Tewksbury,-,2,969,964,1975,3517.926994280091
Tewksbury,-,2A,841,915,1802,3209.7744018697335
Tewksbury,-,3,1013,1223,2277,4055.8581093548187
Tewksbury,-,3A,939,1142,2115,3767.299034380959
Tewksbury,-,4,945,1030,2020,3598.0822928839416
Tewksbury,-,4A,1031,966,2051,3653.300387477704
Tisbury,-,1,1845,595,2523,3949.0
Tolland,-,1,110,155,279,485.0
Topsfield,-,1,1801,2164,4092,6085.0
Townsend,-,1,664,941,1653,2977.134382566586
Townsend,-,2,703,848,1593,2869.071428571429
Townsend,-,3,721,939,1710,3079.7941888619853
Truro,-,1,1043,399,1476,2003.0
Tyngsborough,-,1,731,816,1578,2812.7507498026835
Tyngsborough,-,2,701,849,1584,2823.445619573796
Tyngsborough,-,3,724,782,1542,2748.5815311760066
Tyngsborough,-,4,684,916,1631,2907.222099447514
Tyringham,-,1,173,85,261,327.0
Upton,-,1,1056,1045,2160,3840.3394625176807
Upton,-,2,939,1097,2082,3701.66053748232
Uxbridge,-,1,802,1005,1845,3437.8517031293272
Uxbridge,-,2,931,805,1783,3322.3249792301303
Uxbridge,-,3,733,977,1748,3257.108280254777
Uxbridge,-,4,855,941,1846,3439.7150373857658
Wakefield,-,1,1043,1099,2181,3719.590396059922
Wakefield,-,2,957,788,1788,3049.3478350092346
Wakefield,-,3,1052,965,2066,3523.4634379916547
Wakefield,-,4,1007,939,1988,3390.4381968670905
Wakefield,-,5,1231,1042,2307,3934.4773240303716
Wakefield,-,6,1188,961,2188,3731.528558724947
Wakefield,-,7,1037,1026,2101,3583.1542513167797
Wales,-,1,482,434,935,1838.0
Walpole,-,1,773,780,1579,2694.9251932213
Walpole,-,2,837,981,1858,3171.102602283202
Walpole,-,3,906,939,1878,3205.2371835779622
Walpole,-,4,846,833,1722,2938.987449478834
Walpole,-,5,689,840,1547,2640.3098631496846
Walpole,-,6,834,1014,1879,3206.9439126427
Walpole,-,7,765,1015,1809,3087.47287811104
Walpole,-,8,735,1064,1831,3125.020917535276
Waltham,1,1,1049,702,1798,4291.8127632770365
Waltham,1,2,1071,802,1900,4535.286012361718
Waltham,2,1,1132,641,1820,4344.326601314909
Waltham,2,2,874,368,1271,3033.867643006181
Waltham,3,1,1024,941,2002,4778.7592614464
Waltham,3,2,1049,732,1827,4361.035549781504
Waltham,4,1,1032,826,1881,4489.933152238101
Waltham,4,2,285,170,460,1098.016613519153
Waltham,5,1,971,617,1628,3886.0240148025673
Waltham,5,2,915,325,1274,3041.0286209204364
Waltham,6,1,970,415,1429,3411.0124798236293
Waltham,6,2,665,331,1029,2456.215424589583
Waltham,7,1,969,610,1615,3854.9931105074606
Waltham,7,2,562,152,745,1778.3095153734105
Waltham,8,1,879,278,1200,2864.3911657021376
Waltham,8,2,1039,433,1524,3637.776780441715
Waltham,9,1,658,270,957,2284.351954647455
Waltham,9,2,762,243,1041,2484.8593362466045
Ware,-,A,780,444,1263,2898.9388514299
Ware,-,B,701,583,1322,3034.360381306673
Ware,-,C,912,762,1716,3938.7007672634268
Wareham,-,1,1020,709,1767,3513.0716107871717
Wareham,-,2,1098,771,1902,3781.472667638484
Wareham,-,3,1071,815,1931,3839.129190962099
Wareham,-,4,988,775,1794,3566.751822157434
Wareham,-,5,1036,869,1945,3866.963374635569
Wareham,-,6,885,711,1637,3254.611333819242
Warren,-,A,864,778,1723,3800.517611683849
Warren,-,B,355,224,605,1334.4823883161514
Warwick,-,1,334,109,458,780.0
Washington,-,1,239,69,320,538.0
Watertown,-,1,848,343,1217,2303.3004210401473
Watertown,-,2,990,292,1321,2500.1313526655995
Watertown,-,3,1133,329,1512,2861.618929016189
Watertown,-,4,1227,333,1598,3024.382968629544
Watertown,-,5,1000,308,1350,2555.0169009073115
Watertown,-,6,905,314,1263,2390.360256182174
Watertown,-,7,1087,483,1609,3045.201624859159
Watertown,-,8,1086,468,1591,3011.1347328470615
Watertown,-,9,842,312,1182,2237.059242127735
Watertown,-,10,1012,506,1550,2933.5379232639507
Watertown,-,11,903,451,1378,2608.0098440372412
Watertown,-,12,879,387,1292,2445.2458044238865
Wayland,-,1,1333,747,2118,3311.8281588447653
Wayland,-,2,1314,660,2031,3175.789891696751
Wayland,-,3,1247,640,1925,3010.0421179302048
Wayland,-,4,1276,929,2236,3496.3398315282793
Webster,-,1,658,501,1186,2940.795918367347
Webster,-,2,498,330,850,2107.6530612244896
Webster,-,3,637,560,1244,3084.6122448979595
Webster,-,4,868,1051,1956,4850.081632653061
Webster,-,5,815,674,1526,3783.8571428571427
Wellesley,-,A,1145,794,2002,3690.136618141097
Wellesley,-,B,1343,801,2196,4047.72228443449
Wellesley,-,C,879,1290,2216,4084.586786114222
Wellesley,-,D,1316,833,2199,4053.25195968645
Wellesley,-,E,1089,776,1909,3518.716685330347
Wellesley,-,F,736,572,1345,2479.137737961926
Wellesley,-,G,934,292,1256,2315.0907054871222
Wellesley,-,H,1088,906,2058,3793.357222844345
Wellfleet,-,1,1569,619,2253,2750.0
Wendell,-,1,427,70,561,848.0
Wenham,-,1,1060,1266,2373,4875.0
West Boylston,-,1,935,872,1843,3353.2543297746147
West Boylston,-,2,1111,1219,2372,4315.745670225386
West Bridgewater,-,1,881,1109,2029,3517.8149912258714
West Bridgewater,-,2,854,1062,1960,3398.185008774129
West Brookfield,-,1,965,951,1962,3701.0
West Newbury,-,1,1390,1349,2797,4235.0
West Springfield,-,1,445,166,633,1549.935575679172
West Springfield,-,2,541,303,875,2142.485985338508
West Springfield,-,3,731,551,1309,3205.159034066408
West Springfield,-,4,906,613,1559,3817.297887020267
West Springfield,-,5,1030,1047,2109,5164.003363518758
West Springfield,-,6,952,935,1923,4708.572056921087
West Springfield,-,7,923,1069,2022,4950.979042690815
West Springfield,-,8,647,488,1165,2852.5670547649847
West Stockbridge,-,1,707,161,889,1306.0
West Tisbury,-,1,1573,373,1990,2740.0
Westborough,-,1,820,538,1404,2771.296100248461
Westborough,-,2,817,578,1435,2832.4856865075076
Westborough,-,3,1125,694,1887,3724.669331316841
Westborough,-,4,1159,963,2187,4316.826617694718
Westborough,-,5,1168,1124,2344,4626.722264232472
Westfield,1,A,839,822,1697,3879.639388038943
Westfield,1,B,827,675,1539,3518.4236995827537
Westfield,2,A,601,277,918,2098.708873435327
Westfield,2,B,751,526,1333,3047.471599443672
Westfield,3,A,540,295,872,1993.544812239221
Westfield,3,B,877,653,1568,3584.7227816411682
Westfield,4,A,660,385,1085,2480.5001390820585
Westfield,4,B,994,1013,2045,4675.228372739916
Westfield,5,A,933,997,1967,4496.906703755216
Westfield,5,B,798,1091,1928,4407.745869262865
Westfield,6,A,803,837,1694,3872.7808623087626
Westfield,6,B,658,647,1329,3038.326898470097
Westford,-,1,1089,1148,2289,3872.2132398273734
Westford,-,2,1029,1073,2150,3637.07228729963
Westford,-,3,1084,1149,2270,3840.071670776819
Westford,-,4,1121,977,2136,3613.389025893958
Westford,-,5,1078,1009,2143,3625.2306565967942
Westford,-,6,1005,953,1988,3363.0231196054256
Westhampton,-,1,639,385,1064,1607.0
Westminster,-,1,961,1061,2071,3496.674477958237
Westminster,-,2,986,1187,2239,3780.325522041763
Weston,-,1,974,790,1801,3018.0150297619048
Weston,-,2,843,755,1632,2734.8142857142857
Weston,-,3,764,763,1544,2587.3488095238095
Weston,-,4,849,869,1743,2920.821875
Westport,-,A,979,558,1578,2820.1007939247497
Westport,-,B,1045,854,1957,3497.42538257968
Westport,-,C,970,588,1595,2850.4821079277417
Westport,-,D,980,557,1569,2804.0165688643424
Westport,-,E,1121,829,1992,3559.975146703486
Westwood,-,1,1137,1187,2356,3772.5937123452736
Westwood,-,2,1178,1130,2359,3777.397524372878
Westwood,-,3,1157,1134,2323,3719.7517800416254
Westwood,-,4,921,1124,2091,3348.2569832402237
Weymouth,-,1,870,650,1554,2973.2856990280893
Weymouth,-,2,924,794,1753,3354.034639894621
Weymouth,-,3,875,838,1745,3338.728149809534
Weymouth,-,4,804,750,1575,3013.465235501442
Weymouth,-,5,806,526,1354,2590.623446900922
Weymouth,-,6,916,747,1708,3267.935633166008
Weymouth,-,7,778,665,1477,2825.96073195913
Weymouth,-,8,881,597,1507,2883.360069778205
Weymouth,-,9,896,782,1705,3262.1956993841004
Weymouth,-,10,751,485,1267,2424.1653672256043
Weymouth,-,11,848,678,1554,2973.2856990280893
Weymouth,-,12,888,807,1728,3306.201858378725
Weymouth,-,13,736,443,1203,2301.7134465449108
Weymouth,-,14,757,536,1320,2525.5708640393036
Weymouth,-,15,885,796,1713,3277.502189469187
Weymouth,-,16,911,869,1815,3472.6599380540424
Weymouth,-,17,760,537,1335,2554.2705329488413
Weymouth,-,18,880,862,1776,3398.0407988892453
Whately,-,1,627,301,964,1496.0
Whitman,-,1,988,961,2002,3869.144724556489
Whitman,-,2,816,920,1767,3414.9743897559024
Whitman,-,3,962,879,1894,3660.419634520475
Whitman,-,4,889,896,1834,3544.4612511671335
Wilbraham,-,A,939,1002,2008,3411.608555382961
Wilbraham,-,B,903,1049,2039,3464.2778109690526
Wilbraham,-,C,903,1092,2074,3523.7430995339946
Wilbraham,-,D,1001,1191,2248,3819.3705341139926
Williamsburg,-,1,1240,325,1634,2482.0
Williamstown,-,1,1157,300,1482,3016.122834645669
Williamstown,-,2,727,94,850,1729.8950131233596
Williamstown,-,3,1186,252,1478,3007.9821522309708
Wilmington,-,1,1046,1038,2128,3769.5469332698567
Wilmington,-,2,952,1061,2049,3629.606046179481
Wilmington,-,3,865,1060,1957,3466.636911846386
Wilmington,-,4,995,1155,2195,3888.230976751567
Wilmington,-,5,1052,1030,2133,3778.403951440133
Wilmington,-,6,994,1108,2141,3792.5751805125765
Winchendon,-,1,543,480,1057,2591.5496310402286
Winchendon,-,1A,193,132,340,833.6110449892883
Winchendon,-,2,705,704,1450,3555.1059271602
Winchendon,-,3,701,617,1354,3319.733396810283
Winchester,-,1,944,639,1626,2678.132388071203
Winchester,-,2,854,543,1430,2355.307081760037
Winchester,-,3,1140,636,1818,2994.3694228249983
Winchester,-,4,974,788,1791,2949.8985898127457
Winchester,-,5,784,838,1642,2704.485474300686
Winchester,-,6,756,895,1672,2753.897510980966
Winchester,-,7,883,778,1684,2773.6623256530784
Winchester,-,8,772,518,1314,2164.2472065962857
Windsor,-,1,385,127,528,899.0
Winthrop,-,1,940,662,1630,3170.3101378390397
Winthrop,-,2,792,675,1496,2909.6834148510447
Winthrop,-,3,924,532,1490,2898.013561582926
Winthrop,-,4,793,534,1349,2623.7720097821257
Winthrop,-,5,877,670,1583,3078.896287238773
Winthrop,-,6,913,505,1448,2816.3245887060916
Woburn,1,1,710,480,1215,2376.875705634815
Woburn,1,2,822,639,1488,2910.939135789798
Woburn,2,1,786,590,1397,2732.917992404803
Woburn,2,2,644,362,1036,2026.702247767628
Woburn,3,1,666,649,1344,2629.235348455301
Woburn,3,2,810,808,1642,3212.2056861336346
Woburn,4,1,787,751,1576,3083.09145027199
Woburn,4,2,768,509,1312,2566.634506825413
Woburn,5,1,809,595,1427,2791.606281432824
Woburn,5,2,804,713,1538,3008.7529508364983
Woburn,6,1,539,342,897,1754.7798419378016
Woburn,6,2,723,651,1398,2734.874268705737
Woburn,7,1,809,880,1716,3356.9701324027506
Woburn,7,2,708,761,1500,2934.4144514010063
Worcester,1,1,1246,747,2047,6005.689942957153
Worcester,1,2,1139,826,2007,5888.334008556428
Worcester,1,3,634,544,1202,3526.5458287418164
Worcester,1,4,1258,692,1994,5850.1933298761915
Worcester,1,5,1057,594,1701,4990.561110390873
Worcester,2,1,1074,651,1769,5190.066198872108
Worcester,2,2,1142,612,1799,5278.083149672651
Worcester,2,3,1001,631,1663,4879.072972710183
Worcester,2,4,1077,261,1363,3998.9034647047383
Worcester,2,5,874,96,982,2881.0881895378234
Worcester,3,1,881,382,1306,3831.671258183704
Worcester,3,2,351,95,473,1387.733924288585
Worcester,3,3,807,308,1142,3350.511927140727
Worcester,3,4,722,148,892,2617.0373371361898
Worcester,3,5,884,396,1314,3855.142445063849
Worcester,4,1,709,158,890,2611.1695404161537
Worcester,4,2,748,314,1105,3241.9576878200555
Worcester,4,3,733,113,865,2537.8220814157
Worcester,4,4,744,370,1135,3329.9746386206
Worcester,4,5,895,442,1372,4025.3085499449016
Worcester,5,1,722,222,976,2863.4847993777144
Worcester,5,2,874,427,1320,3872.7458352239582
Worcester,5,3,1028,698,1768,5187.132300512089
Worcester,5,4,917,589,1542,4524.071271147987
Worcester,5,5,958,507,1499,4397.913641667207
Worcester,6,1,613,121,748,2194.5559732935762
Worcester,6,2,715,214,950,2787.2034420172427
Worcester,6,3,760,247,1025,3007.2458190186035
Worcester,6,4,517,242,773,2267.90343229403
Worcester,6,5,811,368,1219,3576.422100862125
Worcester,7,1,1013,428,1473,4321.6322843067355
Worcester,7,2,749,275,1050,3080.5932780190574
Worcester,7,3,1010,422,1458,4277.623808906463
Worcester,7,4,860,389,1284,3767.1254942633045
Worcester,7,5,953,524,1510,4430.186523627406
Worcester,8,1,602,153,774,2270.837330654048
Worcester,8,2,535,96,644,1889.4305438516888
Worcester,8,3,697,77,820,2405.7966552148832
Worcester,8,4,802,171,1009,2960.3034452583133
Worcester,8,5,544,219,780,2288.440720814157
Worcester,9,1,1041,450,1544,4529.939067868024
Worcester,9,2,1048,443,1525,4474.194999027679
Worcester,9,3,812,439,1277,3746.5882057431772
Worcester,9,4,1145,669,1859,5454.117051273741
Worcester,9,5,1095,667,1795,5266.347556232579
Worcester,10,1,669,172,885,2596.5000486160625
Worcester,10,2,684,122,843,2473.2763174953006
Worcester,10,3,794,79,903,2649.3102190963896
Worcester,10,4,572,73,662,1942.2407143320152
Worcester,10,5,694,66,772,2264.969533934012
Worthington,-,1,481,208,730,1156.0
Wrentham,-,1,929,1146,2120,3647.651955395005
Wrentham,-,2,819,1312,2167,3728.5197110098948
Wrentham,-,3,970,1084,2080,3578.8283335950996
Yarmouth,-,1,1136,998,2163,3681.014162077105
Yarmouth,-,2,1171,1035,2255,3837.5806451612902
Yarmouth,-,3,860,694,1591,2707.5790715971675
Yarmouth,-,4,1056,909,2001,3405.3210070810387
Yarmouth,-,5,882,810,1719,2925.4107002360347
Yarmouth,-,6,924,826,1783,3034.3265145554683
Yarmouth,-,7,1169,1269,2469,4201.767899291896
